source_id,rq_id,population,event,age_range,sex,maturity,training_age,competitive_level,season,intervention,comparator,component_dose,component_order,separation_hours,target_interval_hours,actual_interval_hours,outcome_domain,outcome_measure,instrument_protocol,time_horizon,time_points,missingness,adverse_events,effect_estimate,uncertainty,individual_response,limitations,reviewer_1,reviewer_2,adjudication
"SRC-PMID-35418513","RQ-A","Highly trained and elite middle- and long-distance runners across 10 articles","1500 m through marathon","NOT_REPORTED","NOT_REPORTED","NOT_REPORTED","NOT_REPORTED","Highly trained and elite","Multiple phases","Periodization methods, volume, and training-intensity distribution","No direct seven-day versus nonweekly comparator","NOT_VERIFIED","Hard-day/easy-day organization described","NOT_REPORTED","NOT_APPLICABLE","NOT_APPLICABLE","PRACTICE_DESCRIPTION;METHODS","Periodization and intensity-distribution patterns","Systematic review; abstract-level extraction","Long-term training organization","NOT_REPORTED","NOT_REPORTED","NOT_REPORTED","Hard/easy practice described; no cycle-length effect estimate","Abstract only; 10 included articles","NOT_REPORTED","No exact 9-, 9.5-, or 10-day comparison; no adolescent-specific conclusion","NOT_APPLICABLE","AI_EXTRACTION_LANE_2","NOT_APPLICABLE"
"SRC-PMID-34749417","RQ-A","Middle- and long-distance runners across 20 articles","Middle- and long-distance running","NOT_REPORTED","NOT_REPORTED","NOT_REPORTED","NOT_REPORTED","Mixed","Multiple phases","Training-intensity distribution classified by multiple methods","No microcycle-length comparator","NOT_VERIFIED","NOT_APPLICABLE","NOT_APPLICABLE","NOT_APPLICABLE","NOT_APPLICABLE","MEASUREMENT_METHOD;PRACTICE_DESCRIPTION","Intensity-distribution classification","sRPE, heart rate, lactate, race pace, and running speed methods","Long-term training organization","NOT_REPORTED","NOT_REPORTED","NOT_REPORTED","Classification differed materially by method; no frame effect","Abstract only; heterogeneous measurement methods","NOT_REPORTED","Cannot select a 9.5-day duration or collapse unlike intensity measures","NOT_APPLICABLE","AI_EXTRACTION_LANE_2","NOT_APPLICABLE"
"SRC-PMID-39888556","RQ-A","348 trained endurance athletes in 13 studies","Mixed endurance sports","Study means 17.6-41.5 years","296 male; 52 female","NOT_REPORTED","NOT_REPORTED","Recreational and competitive","NOT_REPORTED","Training-intensity distribution interventions","Polarized versus pyramidal and other distributions","NOT_VERIFIED","NOT_APPLICABLE","NOT_APPLICABLE","NOT_APPLICABLE","NOT_APPLICABLE","AEROBIC_ADAPTATION","VO2max change","Individual-participant network meta-analysis; abstract-level extraction","Intervention duration","NOT_REPORTED","NOT_REPORTED","NOT_REPORTED","No statistically significant polarized-versus-pyramidal difference reported in abstract","Mixed sports and few female athletes; abstract only","Individual-participant analysis used but response details not verified","Not a calendar-frame comparison and cannot determine 9.5-day mechanics","NOT_APPLICABLE","AI_EXTRACTION_LANE_2","NOT_APPLICABLE"
"SRC-PMID-31802956","RQ-A","Trained and well-trained adult-dominant endurance athletes across 20 eligible records","Mixed endurance sports","NOT_REPORTED","NOT_REPORTED","NOT_REPORTED","NOT_REPORTED","Trained to well-trained","NOT_REPORTED","Block periodization","Traditional periodization or control arrangements","Concentrated blocks varied across studies","NOT_APPLICABLE","NOT_REPORTED","NOT_APPLICABLE","NOT_APPLICABLE","AEROBIC_ADAPTATION;PERFORMANCE","VO2max and maximal aerobic power","Systematic review and meta-analysis","Long-term interventions","NOT_REPORTED","NOT_REPORTED","NOT_REPORTED","Small favorable VO2max and Wmax effects reported","Small, heterogeneous, low-quality evidence","NOT_REPORTED","No seven-day versus nonweekly or 9.5-day comparison","NOT_APPLICABLE","AI_EXTRACTION_LANE_2","NOT_APPLICABLE"
"FRV2-A-005","RQ-A","Humans represented in periodization meta-analyses; underlying studies were strength training","Strength training","NOT_REPORTED","NOT_REPORTED","NOT_REPORTED","NOT_REPORTED","Mixed","NOT_REPORTED","Periodized exercise programs","Non-periodized exercise programs as defined in prior meta-analyses","NOT_VERIFIED","NOT_APPLICABLE","NOT_REPORTED","NOT_APPLICABLE","NOT_APPLICABLE","METHODOLOGY","Comparator validity and adaptation-timing assumptions","Systematic review of meta-analyses","Long-term interventions","NOT_REPORTED","NOT_REPORTED","NOT_REPORTED","Audited literature did not test varied nonperiodized comparators or timing-prediction accuracy","Indirect to running and dependent on underlying review quality","NOT_REPORTED","Cannot justify a running microcycle duration or 9.5-day optimality","NOT_APPLICABLE","AI_EXTRACTION_LANE_2","NOT_APPLICABLE"
"FRV2-A-006","RQ-A","106 coaches; 58% individual-sport coaches and 32% coaching international-level athletes","Multiple sports","18-65+ years","92% male; 8% female","NOT_APPLICABLE","NOT_APPLICABLE","Amateur through international coaching","NOT_APPLICABLE","Survey of common planning concepts","NOT_APPLICABLE","NOT_APPLICABLE","Planning concepts and plan revision","NOT_APPLICABLE","NOT_APPLICABLE","NOT_APPLICABLE","COACH_PERCEPTION","Use and perceived usefulness of planning concepts","Cross-sectional international survey","Current coaching practice","Single survey","NOT_REPORTED","NOT_APPLICABLE","Coach perceptions support revisable planning indirectly","No runner subgroup, cycle prevalence, or outcome efficacy","NOT_REPORTED","Perception evidence cannot establish 9.5-day efficacy or safety","NOT_APPLICABLE","AI_EXTRACTION_LANE_2","NOT_APPLICABLE"
"FRV2-A-007","RQ-A","12 successful male Norwegian coaches across eight Olympic endurance sports","Long-distance running and seven other Olympic endurance sports","NOT_REPORTED","Male","NOT_APPLICABLE","NOT_APPLICABLE","World-class coach informants","Multiple phases","Best-practice training characteristics","No nonweekly comparator","NOT_VERIFIED","Weekly organization remained explicit with pragmatic adjustments","NOT_REPORTED","NOT_APPLICABLE","168","PRACTICE_DESCRIPTION","Weekly structure and contextual adjustment","Descriptive multiple-case interviews","Long-term elite practice","NOT_REPORTED","NOT_REPORTED","NOT_APPLICABLE","Weekly organization and flexible adjustment were both reported","Middle-distance events under six minutes excluded; descriptive design","NOT_REPORTED","Counterevidence to claiming elite endurance practice abandons weeks; no efficacy inference","NOT_APPLICABLE","AI_EXTRACTION_LANE_2","NOT_APPLICABLE"
"FRV2-A-008","RQ-A","World-class adult distance runners","5000 m; 10000 m; marathon","Adult","Mixed; not separately extracted","ADULT","NOT_REPORTED","World-class","Multiple phases","Typical training characteristics","No nonweekly comparator","11-14 sessions per week","Typical weekly organization","NOT_REPORTED","NOT_APPLICABLE","168","PRACTICE_DESCRIPTION","Sessions per week and typical training weeks","Narrative integration of literature and results-proven practice","Long-term elite practice","Typical week","NOT_REPORTED","NOT_REPORTED","Reports 11-14 sessions per week","Narrative evidence and no frame comparison","NOT_REPORTED","Adult long-distance practice only; no 9.5-day efficacy or youth safety inference","NOT_APPLICABLE","AI_EXTRACTION_LANE_2","NOT_APPLICABLE"
"FRV2-A-009","RQ-A","Eight elite adult middle-distance runners","Middle-distance running","25 +/- 6 years","6 male; 2 female","ADULT","NOT_REPORTED","Elite and international","Altitude camp","Live-high train-high camp periodization","No nonweekly comparator","Individual training quantified during camp","Typical training week with event and altitude adjustments","NOT_REPORTED","NOT_APPLICABLE","168","PRACTICE_DESCRIPTION;LOAD_DESCRIPTION","Training quantification and individual adjustment","Observational cohort case study","Altitude-camp block","Camp days and weeks","NOT_REPORTED","NOT_REPORTED","Weekly structure coexisted with individual event and altitude adjustments","n=8; altitude context; observational; no comparator","Individual adjustments described but not causally evaluated","Does not authorize 9.5-day efficacy, safety, or a fixed MAIN count","NOT_APPLICABLE","AI_EXTRACTION_LANE_2","NOT_APPLICABLE"
"FRV2-A-010","RQ-A","13 healthy adult runners","Recreational running overload study","18-49 years inclusion","9 male; 4 female","ADULT","NOT_REPORTED","At least 20 miles per week and VO2 criteria","NOT_APPLICABLE","Approximately 9-9.5 consecutive days of twice-daily supervised intervals plus glutamine or placebo","Glutamine versus placebo","Twice-daily intervals; exact session dose not used for frame inference","Repeated interval overload","NOT_REPORTED","NOT_APPLICABLE","216_TO_228","IMMUNE_BIOMARKER;COMPLIANCE","Nasal and salivary IgA; glutamine; compliance","Randomized supplement/placebo overload experiment","Short overload and five recovery days","Approximately 9-9.5 consecutive overload days","NOT_REPORTED","One participant withdrew; reason NOT_VERIFIED","Primary mucosal-marker findings; compliance 96%","n=13; supplement question; not a recurring microcycle; no frame comparator","NOT_REPORTED","Exact-duration false positive; prohibited as evidence for 9.5-day Formation","NOT_APPLICABLE","AI_EXTRACTION_LANE_2","NOT_APPLICABLE"
"FRV2-A-011","RQ-A","Meb Keflezighi, elite adult male marathoner","Marathon","Late 30s","Male","ADULT","NOT_REPORTED","Elite professional","Boston Marathon preparation","Nine-day training cycle","No comparator","One tempo, one interval, and one long run per nine-day cycle; other running by feel","Quality sessions distributed through cycle","NOT_REPORTED","NOT_APPLICABLE","216","PRACTICE_USE;SELF_REPORTED_PERFORMANCE","Named cycle use; Boston win and 2:08:37 personal best context","In-person athlete interview/report","Retrospective training practice","Nine-day cycle","NOT_REPORTED","NOT_REPORTED","Verified self-report of actual nine-day use; no causal effect estimate","Single retrospective case; adult marathon; injury-history context","Other running adjusted by feel","Performance cannot be attributed to the cycle; no youth, safety, or 9.5-day validation","NOT_APPLICABLE","AI_EXTRACTION_LANE_2","NOT_APPLICABLE"
"FRV2-A-012","RQ-A","Michael Ko, adult recreational male marathoner","Marathon","NOT_REPORTED","Male","ADULT","NOT_REPORTED","Recreational","Tokyo Marathon build","Nine-day self-programmed cycle","No controlled comparator","Threshold/easy/easy repeated; third quality exposure was a long run","Three quality exposures with two easy days between","48","NOT_APPLICABLE","216","PRACTICE_USE;SELF_REPORTED_PERFORMANCE;ACCEPTABILITY","Named cycle use; personal best; subjective recovery and enjoyment","Journalistic report embedding athlete video/self-report","Single marathon build","Nine-day cycle","NOT_REPORTED","NOT_REPORTED","Self-reported 2:56 personal best and better recovery/enjoyment","Single case; concurrent changes; weekday feasibility concerns","Self-reported subjective response only","Cannot establish causal benefit, recovery completion, youth suitability, or 9.5-day superiority","NOT_APPLICABLE","AI_EXTRACTION_LANE_2","NOT_APPLICABLE"
"FRV2-A-013","RQ-A","Adult distance runners and coaches including Lindsey Scherf and Thom Hunt","Marathon; half marathon; cross-country","Adult","Mixed","ADULT","NOT_REPORTED","Elite and recreational runners; coaches","NOT_REPORTED","Nine-, ten-, and fourteen-day templates and reported practice","No systematic comparator","Templates include quality, long-run, and recovery days","Nonweekly ordering varies by example","A quoted 72 h preference appears in source","72","240","PRACTICE_USE;FEASIBILITY;COUNTEREVIDENCE","Actual ten-day use; schedule and social collisions","Coach and athlete interviews plus practice article","Training-cycle practice","Nine-, ten-, and fourteen-day examples","NOT_REPORTED","NOT_REPORTED","Thom Hunt reports actual ten-day use; nine-day template only","Anecdotal source; multiple templates; no outcome testing","Training-partner and social-schedule disruption reported","The 72 h statement is preference only, never clearance; no 9.5-day efficacy or safety inference","NOT_APPLICABLE","AI_EXTRACTION_LANE_2","NOT_APPLICABLE"
"FRV2-A-014","RQ-A","Distance runners; named Hansons program and Ray Treacy athletes","Distance running","NOT_REPORTED","NOT_REPORTED","NOT_REPORTED","NOT_REPORTED","Elite program athletes and runners broadly","NOT_REPORTED","Reported ten-day to two-week cycles","No verified comparator","NOT_VERIFIED","Nonweekly practice described second hand","NOT_REPORTED","NOT_APPLICABLE","240_TO_336","PRACTICE_REPORT","Reported program use and scheduling rationale","Coach-authored or journalistic practice article","Long-term practice report","Ten days to two weeks","NOT_REPORTED","NOT_REPORTED","Third-party report of ten-day use; no measured effect","No primary opened protocol, denominator, or cohort outcomes","NOT_REPORTED","Unsupported injury and benefit language excluded; no prevalence, efficacy, or safety evidence","NOT_APPLICABLE","AI_EXTRACTION_LANE_2","NOT_APPLICABLE"
"FRV2-A-015","RQ-A","Runners broadly","Marathon sample schedule","NOT_REPORTED","NOT_REPORTED","NOT_REPORTED","NOT_REPORTED","Broad runner population","NOT_REPORTED","Coach-authored nine-day sample plan with ten-day mention","No implemented cohort or comparator","Long run, two quality sessions, easy/rest, strength/cross-training, and recovery","Nine-day template","NOT_REPORTED","NOT_APPLICABLE","216","PLAN_TEMPLATE;COMPREHENSION","Verifiable sample-plan structure","Coach-authored advice webpage","Prospective template","Nine-day schedule","NOT_REPORTED","NOT_REPORTED","No measured outcome; template existence only","No named implemented cohort and no outcome evaluation","NOT_REPORTED","Can support intelligibility only; not common use, optimality, safety, or numerical policy","NOT_APPLICABLE","AI_EXTRACTION_LANE_2","NOT_APPLICABLE"
"FRV2-A-016","RQ-A","Sprint and hurdle athletes at high-school, college, and professional levels","Short sprints and short hurdles","High-school through adult","NOT_REPORTED","NOT_REPORTED","NOT_REPORTED","High-school; college; professional","In-season","Ten-day in-season setup","No athlete cohort comparator","Speed, tempo, regeneration, strength, off, and flex days","Competition-anchored ten-day plan","NOT_REPORTED","NOT_APPLICABLE","240","PLAN_TEMPLATE;COMPETITION_ANCHOR","Verifiable ten-day setup and meet-schedule rationale","Official USTFCCCA coaching-symposium PDF","In-season planning","Ten-day plan","NOT_REPORTED","NOT_REPORTED","No measured outcome or verified actual use","Wrong event directness; coach presentation; no sample","NOT_REPORTED","Supports competition-anchor concept only; cannot determine youth middle-distance dose or 9.5-day safety","NOT_APPLICABLE","AI_EXTRACTION_LANE_2","NOT_APPLICABLE"
"FRV2-A-017","RQ-A","Emma Bates, elite adult female marathoner","Marathon","Adult","Female","ADULT","NOT_REPORTED","Elite professional","2023 Boston Marathon build","Ten-day training cycle","No comparator","Two workouts and one long run followed by three recovery days after long run","Quality sessions within ten-day cycle","NOT_REPORTED","NOT_APPLICABLE","240","PRACTICE_USE;SELF_REPORTED_PERFORMANCE","Verified ten-day use; Boston finish context","Athlete interview/report","Single marathon build","Ten-day cycle","NOT_REPORTED","NOT_REPORTED","Fifth place in 2:22:10 reported; no causal effect estimate","Single athlete; adult marathon; no comparator","Self-reported practice only","Corrects erroneous nine-day secondary report; performance cannot validate 9.5 days","NOT_APPLICABLE","AI_EXTRACTION_LANE_2","NOT_APPLICABLE"
"FRV2-B-001","RQ-B","12 trained adolescent male runners","All-out 21-km run","16.2 +/- 0.6 years","Male","NOT_REPORTED","NOT_REPORTED","Trained","NOT_APPLICABLE","All-out 21-km run","Pre-run baseline","21 km all-out","Single endurance bout","NOT_APPLICABLE","72_COACH_TARGET_NOT_STUDY_CLEARANCE","NOT_APPLICABLE","BIOCHEMICAL","TBARS, uric acid, glutathione, XO, SOD, CAT","Blood sampling; abstract-level protocol","Acute recovery","Pre; 2 h; 4 h; 24 h","NOT_REPORTED","NOT_REPORTED","CAT and TBARS remained elevated at 24 h versus pre-run","n=12; male only; abstract only; no performance or neuromuscular outcomes","NOT_REPORTED","Extreme endurance bout and biomarker-only evidence; cannot diagnose, clear training, or set spacing","NOT_APPLICABLE","AI_EXTRACTION_LANE_2","NOT_APPLICABLE"
"FRV2-B-002","RQ-B","10 trained adolescent male runners","All-out 21-km run","16.2 +/- 0.6 years","Male","NOT_REPORTED","NOT_REPORTED","Trained","NOT_APPLICABLE","All-out 21-km run","Pre-run baseline","21 km all-out","Single endurance bout","NOT_APPLICABLE","72_COACH_TARGET_NOT_STUDY_CLEARANCE","NOT_APPLICABLE","BIOCHEMICAL","Urea, creatinine, CK, LDH, hemoglobin, hematocrit, eGFR, plasma-volume change","Blood sampling and calculated renal markers; abstract-level protocol","Acute recovery","Pre; 2 h; 4 h; 24 h","NOT_REPORTED","NOT_REPORTED","Early biochemical changes were sustained at 24 h","n=10; male only; abstract only; hydration-sensitive calculations","NOT_REPORTED","No performance, force, or gait measure; biomarkers cannot determine safety or next-MAIN clearance","NOT_APPLICABLE","AI_EXTRACTION_LANE_2","NOT_APPLICABLE"
"FRV2-B-003","RQ-B","12 trained male adolescent multi-sport endurance athletes","One-day 48.2-km and two-day 66.0-km adventure races","14-15 years","Male","NOT_REPORTED","NOT_REPORTED","Trained","NOT_APPLICABLE","Trail running, cycling, kayaking, and skating races ten weeks apart","Pre-race baseline and within-athlete alternate race format","48.2 km one-day; 66.0 km two-day","Mixed-modality race sequence","NOT_APPLICABLE","72_COACH_TARGET_NOT_STUDY_CLEARANCE","NOT_APPLICABLE","POWER;FORCE;SORENESS;BIOCHEMICAL","Drop jump, squat jump, MVIC, soreness, cTnI, CK-MB","Jump tests, isometric force, soreness scale, blood biomarkers","Acute recovery","Pre; post; 24-72 h depending on marker","No blood draw after day 1 of the two-day race","NOT_REPORTED","Drop-jump height -5.9% post; MVIC unchanged; soreness not different at 72 h; most cardiac markers toward baseline by 24-48 h","n=12; male only; mixed modalities and durations; marker-specific follow-up","NOT_REPORTED","Young-athlete but not middle-distance evidence; marker trajectories cannot establish whole-athlete recovery or safety","NOT_APPLICABLE","AI_EXTRACTION_LANE_2","NOT_APPLICABLE"
"FRV2-B-004","RQ-B","14 elite youth soccer players","90-minute soccer match","16 +/- 2 years","NOT_REPORTED","NOT_REPORTED","NOT_REPORTED","Elite youth","NOT_APPLICABLE","Official match with no subsequent training","Pre-match baseline","90-minute match","Single match exposure","NOT_APPLICABLE","72_COACH_TARGET_NOT_STUDY_CLEARANCE","NOT_APPLICABLE","FORCE","Isometric posterior-chain peak force","Posterior-chain isometric test at multiple joint angles","Acute recovery","Pre; post; 24 h; 48 h; 72 h","No cohort-specific day-to-day reliability","NOT_REPORTED","Peak force -18% post, -8% at 24 h, not different at 48 h, and +12% at 72 h","One team and one match; repeated familiarization may explain 72-h value","Large individual and joint-angle variation reported","Single force test and indirect soccer population cannot clear a runner or define 72 h","NOT_APPLICABLE","AI_EXTRACTION_LANE_2","NOT_APPLICABLE"
"FRV2-B-005","RQ-B","10 male elite youth academy soccer players","Competitive soccer match","16 +/- 1 years","Male","NOT_REPORTED","NOT_REPORTED","Elite youth","NOT_APPLICABLE","Post-match static stretching or passive recovery in crossover","Static stretching versus passive recovery","Competitive match plus assigned recovery condition","Crossover recovery intervention","NOT_APPLICABLE","72_COACH_TARGET_NOT_STUDY_CLEARANCE","NOT_APPLICABLE","POWER;SORENESS;BIOCHEMICAL","CMJ, soreness, CK","Countermovement jump, soreness scale, creatine kinase","Acute recovery","Pre; post; 48 h","No 24- or 72-h measure","NOT_REPORTED","CMJ remained lower and soreness/CK remained elevated at 48 h in both conditions","n=10; intervention confounds natural kinetics; soccer-specific","NOT_REPORTED","Cannot set a runner interval or treat stretching as restoration","NOT_APPLICABLE","AI_EXTRACTION_LANE_2","NOT_APPLICABLE"
"FRV2-B-006","RQ-B","42 male elite youth soccer players","Official soccer match","17.13 +/- 0.70 years","Male","NOT_REPORTED","NOT_REPORTED","Elite youth","NOT_APPLICABLE","Official match","Pre-match baseline","NOT_VERIFIED","Single match exposure","NOT_APPLICABLE","72_COACH_TARGET_NOT_STUDY_CLEARANCE","NOT_APPLICABLE","NEUROMUSCULAR;POWER;SUBJECTIVE;SORENESS","Low-frequency fatigue, CMJ, subjective fatigue, soreness, recovery perception","Abstract-level objective and subjective measures","Acute recovery","-2 h; +30 min; 24 h; 48 h","No 72-h measure","NOT_REPORTED","Low-frequency fatigue not different at 24 h and CMJ unchanged; subjective and soreness measures remained impaired through 48 h","Abstract only; male soccer; incomplete outcome coverage","Outcome domains disagreed within the same study","Evidence requires domain separation and cannot be normalized to recovered","NOT_APPLICABLE","AI_EXTRACTION_LANE_2","NOT_APPLICABLE"
"FRV2-B-007","RQ-B","48 Italian Serie A youth soccer players","Friendly soccer match plus training at 48 h","NOT_REPORTED","NOT_REPORTED","NOT_REPORTED","NOT_REPORTED","Elite youth","NOT_APPLICABLE","Match followed by complete or reduced training at 48 h","Complete training n=26 versus reduced training n=22","Intervening training load at 48 h","Match then assigned MD+2 training","48","72_COACH_TARGET_NOT_STUDY_CLEARANCE","24","FORCE;POWER;SORENESS;SUBJECTIVE","Posterior-chain force, CMJ, soreness, subjective fatigue","Force and jump tests plus self-report","Acute recovery with intervening load","Pre; 0.5 h; 48 h; 72 h","No 24-h point","NOT_REPORTED","At 48 h force and soreness remained altered while CMJ and fatigue did not; complete training reduced CMJ/force from 48 to 72 h versus reduced training","Friendly match; no biochemical outcomes; 72-h value includes intervening session","NOT_REPORTED","Shows elapsed time cannot identify causal session or current state; indirect to running","NOT_APPLICABLE","AI_EXTRACTION_LANE_2","NOT_APPLICABLE"
"SRC-PMID-41048235","RQ-B","73 U19 and U23 soccer players with participation and non-participation observations","Soccer match plus MD+2 training","U19/U23","NOT_REPORTED","NOT_REPORTED","NOT_REPORTED","Elite youth and young adult","NOT_APPLICABLE","Match participation over 60 min versus non-participation; training loads recorded","Match participants versus non-participants","Match and intervening training load","Match then MD+2 context","48","72_COACH_TARGET_NOT_STUDY_CLEARANCE","24","FORCE","IMTP peak force","Isometric mid-thigh pull plus recorded match/training loads","Acute recovery","Baseline; 48 h; 72 h","No 24- or 96-h point; unbalanced observations","NOT_REPORTED","Force -8.1% at 48 h and -6.2% at 72 h in participants; non-participants -8.2% at 72 h; load metrics not correlated with change","Mixed U19/U23; one force test; superimposed training prevents match-only attribution","NOT_REPORTED","Counterevidence to clearance but not proof of a universal interval or match-only causality","NOT_APPLICABLE","AI_EXTRACTION_LANE_2","NOT_APPLICABLE"
"FRV2-B-009","RQ-B","32 male U17/U19 elite academy soccer players with limited structured-strength experience","Strength and plyometric training","16.5 +/- 0.7 years","Male","NOT_REPORTED","Limited structured-strength experience","Elite youth","NOT_APPLICABLE","Back squats plus calf raises versus back squats plus hurdle/drop jumps in crossover","Strength-only versus strength-plus-plyometric condition","Shared squat stimulus; exact sets and repetitions verified in full text but not normalized here","Fixed-order crossover with eight-day washout","192","72_COACH_TARGET_NOT_STUDY_CLEARANCE","192","POWER;FORCE;SUBJECTIVE;SORENESS;BIOCHEMICAL","CMJ, drop jump, IMTP, adductor strength, self-report, CK","Field tests, strength tests, self-report, creatine kinase","Acute recovery","Pre; 24 h; 48 h; 72 h","No sprint or central-fatigue test; sleep/nutrition uncontrolled","NOT_REPORTED","Largest fatigue at 24-48 h; CK peaked at 48 h; selected markers near baseline by 72 h; no modality-by-time interaction","Non-random order; unfamiliar strength work; shared squat stimulus","NOT_REPORTED","Selected-marker behavior is not safety, clearance, or whole-athlete recovery","NOT_APPLICABLE","AI_EXTRACTION_LANE_2","NOT_APPLICABLE"
"FRV2-B-010","RQ-B","Youth and adult participants in systematic review/meta-analysis","Exercise-induced muscle damage protocols","NOT_REPORTED","NOT_REPORTED","NOT_REPORTED","NOT_REPORTED","Mixed","NOT_APPLICABLE","Youth-adult comparisons without recovery treatment","Youth versus adult response","Sessions varied across included studies","NOT_VERIFIED","NOT_REPORTED","72_COACH_TARGET_NOT_STUDY_CLEARANCE","NOT_APPLICABLE","FORCE;SORENESS;BIOCHEMICAL","Peak strength loss, soreness, CK","Systematic review/meta-analysis; abstract-level extraction","At least 24 h after exercise","24 h or later","Session-specific kinetics not available in abstract","NOT_REPORTED","Peak force, soreness, and CK effects were larger in adults in pooled comparisons","Abstract only; no runner stratum or time-to-normalization estimate","NOT_REPORTED","Peak magnitude is not a universal interval and cannot clear an individual adolescent","NOT_APPLICABLE","AI_EXTRACTION_LANE_2","NOT_APPLICABLE"
"FRV2-B-011","RQ-B","12 national-standard adult 1500-m specialists; 10 male and 2 female","Two self-paced treadmill 1500-m time trials","27 +/- 7 years","10 male; 2 female","ADULT","NOT_REPORTED","National standard","Early season","Two 1500-m time trials 24 h apart","Trial 1 versus trial 2","Self-paced 1500 m","Repeated performance bout","24","72_COACH_TARGET_NOT_STUDY_CLEARANCE","24","PERFORMANCE;GAIT;FORCE;PHYSIOLOGICAL;SUBJECTIVE","Time, speed, step variables, physiological measures, exertion","Treadmill 1500-m trial, force-platform and physiological testing","Acute repeat-performance","Trial 1; 24 h later trial 2","NOT_REPORTED","NOT_REPORTED","Performance and most measures differed no more than prior measurement error; exertion about 2.5 times more likely higher on trial 2","n=12; adult treadmill trial; early season; carbon shoes; no tactical race","Considerable uncertainty and within-athlete exertion variation","Maintained one outcome at 24 h does not establish complete recovery or safe MAIN repetition","NOT_APPLICABLE","AI_EXTRACTION_LANE_2","NOT_APPLICABLE"
"SRC-PMID-35721873","RQ-B","20 recreational masters club runners; 10 female and 10 male","Six 800-m running intervals","Masters; exact range NOT_VERIFIED","10 male; 10 female","ADULT","NOT_REPORTED","Recreational club","NOT_APPLICABLE","Six 800-m HIIT repetitions","Pre-session baseline","6 x 800 m; recovery dose NOT_VERIFIED","Single interval session","NOT_APPLICABLE","72_COACH_TARGET_NOT_STUDY_CLEARANCE","NOT_APPLICABLE","GAIT;FORCE;NEUROMUSCULAR","Hip/knee kinematics, coordination, maximal isometric force, voluntary activation, twitch","Six-minute medium run for gait plus force and neuromuscular tests","Acute recovery","Pre; immediate post; 24 h","No 48- or 72-h measure","NOT_REPORTED","Several group deficits at 24 h by NHST; MDC classified most but not all individuals within measurement variability","n=20; masters; conclusion depends on statistical method","MDC analysis showed heterogeneous individual classifications","Runner-direct but adult; cannot establish complete recovery or injury risk","NOT_APPLICABLE","AI_EXTRACTION_LANE_2","NOT_APPLICABLE"
"FRV2-B-013","RQ-B","26 adult recreational male runners","Downhill running","Adult","Male","ADULT","NOT_REPORTED","Recreational","NOT_APPLICABLE","60-min downhill run at -10% and 65% maximal HR","Baseline","60 min downhill running","Single eccentric running bout","NOT_APPLICABLE","72_COACH_TARGET_NOT_STUDY_CLEARANCE","NOT_APPLICABLE","GAIT;FORCE;BIOCHEMICAL;IMAGING;PAIN","Vertical ground-reaction-force peaks, CK, MRI T2, pain","Force-platform gait, blood CK, MRI; abstract-level extraction","Acute recovery","Baseline; post; 24 h; 48 h","Pain result not reported in abstract; no 72-h point","NOT_REPORTED","Selected force peaks reduced through 24-48 h; CK elevated at 24 and 48 h; anterior-thigh MRI T2 elevated to 48 h","Abstract only; male recreational sample; contrived eccentric-damage session","NOT_REPORTED","Asymmetric and session-specific findings cannot set a universal runner interval","NOT_APPLICABLE","AI_EXTRACTION_LANE_2","NOT_APPLICABLE"
"FRV2-B-014","RQ-B","10 recreational male runners; CK subset n=6","Two downhill-running bouts three weeks apart","Adult","Male","ADULT","NOT_REPORTED","Recreational","NOT_APPLICABLE","Two 30-min downhill bouts at -20% and 2.8 m/s","Bout 1 versus repeated bout 2","2 x 30 min downhill exposures separated three weeks","Repeated-bout design","504","72_COACH_TARGET_NOT_STUDY_CLEARANCE","504","FORCE;NEUROMUSCULAR;GAIT;SORENESS;BIOCHEMICAL","MVC, peripheral indices, gait, soreness, CK","Treadmill downhill running with force, neuromuscular and blood measures","Acute recovery through seven days","Pre; post; 24 h; 48 h; 72 h; 96 h; 168 h","CK timing internally inconsistent between methods and results","NOT_REPORTED","Bout 1 MVC lower through 48 h, gait altered to 72 h, soreness elevated through 96 h and not different at 168 h; bout 2 smaller/shorter","n=10 men; CK n=6; fixed speed; strong repeated-bout effect","Within-athlete repeated-bout attenuation reported","Explicit residual beyond 72 h but no universal replacement interval or clearance rule","NOT_APPLICABLE","AI_EXTRACTION_LANE_2","NOT_APPLICABLE"
"SRC-PMID-37776346","RQ-B","10 competitive sprinters, long jumpers, and soccer players","Unresisted and resisted sprinting","18-26 years","Mixed","ADULT","NOT_REPORTED","Competitive","NOT_APPLICABLE","Unresisted, 10%-body-mass resisted, 20%-body-mass resisted, and control conditions","Four-condition randomized crossover","2 x 3 x 20 m plus 1 x 3 x 30 m","Repeated sprint conditions","NOT_REPORTED","72_COACH_TARGET_NOT_STUDY_CLEARANCE","NOT_APPLICABLE","PERFORMANCE;POWER;FORCE;SORENESS;BIOCHEMICAL","30-m sprint, CMJ, eccentric torque, DOMS, CK","Sprint timing, jump, dynamometry, soreness and blood measures","Acute recovery","Pre; 24 h; 48 h; 72 h","NOT_REPORTED","NOT_REPORTED","CK/DOMS elevated to 72 h; 30-m sprint slower through 72 h only after 20% resistance; CMJ unchanged","n=10; mixed sports; crossover/repeated-bout concerns; high CK variability","Load-specific response across crossover conditions","Protocol-specific adult evidence; never a universal 72-h or youth-runner rule","NOT_APPLICABLE","AI_EXTRACTION_LANE_2","NOT_APPLICABLE"
"SRC-PMID-20386477","RQ-B","12 exercise participants and 12 resting controls; participant training status NOT_VERIFIED","Intense plyometric bout","NOT_REPORTED","NOT_REPORTED","NOT_REPORTED","NOT_REPORTED","NOT_REPORTED","NOT_APPLICABLE","Intense plyometric exercise","Resting control","Full dose NOT_VERIFIED","Single plyometric bout","NOT_APPLICABLE","72_COACH_TARGET_NOT_STUDY_CLEARANCE","NOT_APPLICABLE","POWER;FORCE;SORENESS;BIOCHEMICAL;INFLAMMATORY","CMJ, squat jump, strength, DOMS, CK, LDH, inflammatory markers","Abstract-level field and blood testing","Acute recovery through 120 h","Pre; post; 24 h; 48 h; 72 h; 96 h; 120 h","Participant and dose details incomplete in abstract","NOT_REPORTED","CMJ/SJ fell 8-20% and remained impaired as long as 72 h; force unchanged; DOMS/CK/LDH peaked 24-48 h","Abstract only; non-runner; multiple tests; incomplete participant details","NOT_REPORTED","Outcome-specific plyometric residual cannot establish whole-session clearance","NOT_APPLICABLE","AI_EXTRACTION_LANE_2","NOT_APPLICABLE"
"SRC-PMID-34296839","RQ-B","9 competitive Ultimate Frisbee players","Combined plyometric and resistance session","Adult; exact range NOT_REPORTED","NOT_REPORTED","ADULT","NOT_REPORTED","Competitive","NOT_APPLICABLE","Multi-modal plyometric plus resistance session","Pre-session baseline","Dose NOT_VERIFIED","Combined same-session components","0","72_COACH_TARGET_NOT_STUDY_CLEARANCE","0","POWER;PERFORMANCE;SORENESS;BIOCHEMICAL","Vertical and broad jump, linear sprint, repeated agility, DOMS, CK","Abstract-level field and blood testing","Acute recovery","Pre; 24 h; 48 h","No 72-h point","NOT_REPORTED","Jump and linear sprint impaired at 24 and 48 h; agility impaired at 24 h; DOMS and CK elevated at 24 and 48 h","n=9; abstract only; combined components cannot be separated","NOT_REPORTED","Indirect other-sport evidence and no universal interval inference","NOT_APPLICABLE","AI_EXTRACTION_LANE_2","NOT_APPLICABLE"
"SRC-PMID-37285051","RQ-B","25 healthy adults","Cycle sprint-interval training","Adult","NOT_REPORTED","ADULT","NOT_REPORTED","Healthy","NOT_APPLICABLE","Cycle ergometer sprint-interval session","Pre-session baseline","8 x 15 s all-out with 2-min rests","Single cycling session","NOT_APPLICABLE","72_COACH_TARGET_NOT_STUDY_CLEARANCE","NOT_APPLICABLE","FORCE;POWER;NEUROMUSCULAR;AUTONOMIC","iMVC, evoked force, F0, V0, Pmax, voluntary activation, HRV","Cycle ergometer, neuromuscular testing, nocturnal HRV; abstract-level extraction","Acute recovery","Pre; 24 h; 48 h; three subsequent nights for HRV","No soreness, biochemical, or gait endpoints","NOT_REPORTED","No significant 24/48-h difference in selected measured functions","Abstract only; cycling not running; non-significance is not equivalence","NOT_REPORTED","Title wording cannot be generalized to complete recovery, safety, or clearance","NOT_APPLICABLE","AI_EXTRACTION_LANE_2","NOT_APPLICABLE"
"FRV2-B-019","RQ-B","10 adults","Cycling repeated sprints","Adult","NOT_REPORTED","ADULT","NOT_REPORTED","NOT_REPORTED","NOT_APPLICABLE","Recumbent-cycle repeated-sprint sessions","Randomized 24-h versus 48-h separation","10 x 10 s sprints with 30-s rest","Repeated sessions","24_OR_48","72_COACH_TARGET_NOT_STUDY_CLEARANCE","24_OR_48","PERFORMANCE;FORCE;NEUROMUSCULAR","Sprint output, chair MVC, Db100","Cycle repeated-sprint and neuromuscular tests; abstract-level extraction","Acute repeat-performance","Within session; 24-h or 48-h repeat","NOT_REPORTED","NOT_REPORTED","Sprint output did not differ; at 24 h MVC -6.5% and Db100 -10.4%; deficits not reported at 48 h","n=10; cycling; abstract only; repeated-session design","Within-study performance and neuromuscular disagreement","Preserved output cannot erase simultaneous neuromuscular change or clear running","NOT_APPLICABLE","AI_EXTRACTION_LANE_2","NOT_APPLICABLE"
"FRV2-B-020","RQ-B","Healthy adults and adolescents across 20 studies","Resistance- or plyometric-induced muscle damage","Mixed","NOT_REPORTED","NOT_REPORTED","NOT_REPORTED","Mixed","NOT_APPLICABLE","Resistance or plyometric muscle-damaging protocols","Pre-exercise baseline or controls across studies","Heterogeneous protocols","NOT_VERIFIED","NOT_REPORTED","72_COACH_TARGET_NOT_STUDY_CLEARANCE","NOT_APPLICABLE","PERFORMANCE;POWER;SORENESS;BIOCHEMICAL","Sprint, change of direction, CMJ, DOMS, CK","Systematic review and meta-analysis","Acute recovery","At least 24 h; effects reported through 72 h","Diet and familiarization controls limited across studies","NOT_SYNTHESIZED","Pooled sprint/COD/CMJ impairments and DOMS/CK elevations reported up to 72 h","CK/DOMS heterogeneity I2 65-81%; varied histories and protocols; youth not isolated","NOT_REPORTED","Review overlap and indirectness prevent a universal interval, safety claim, or youth prescription","NOT_APPLICABLE","AI_EXTRACTION_LANE_2","NOT_APPLICABLE"
"SRC-PMID-31820260","RQ-B","165 soccer athletes across 11 studies; adult/youth mix and mostly male","Soccer matches","NOT_REPORTED","Mostly male","NOT_REPORTED","NOT_REPORTED","Competitive soccer","NOT_APPLICABLE","External match load and residual response","Different load metrics and post-match time points","Match exposure across included studies","NOT_APPLICABLE","NOT_REPORTED","72_COACH_TARGET_NOT_STUDY_CLEARANCE","NOT_APPLICABLE","EXTERNAL_LOAD;BIOCHEMICAL;POWER;NEUROMUSCULAR","High-speed distance, total distance, CK, CMJ peak power","Systematic review/meta-analysis of tracking and residual markers","Acute recovery","Immediate through 72 h","Different tracking devices and thresholds","NOT_SYNTHESIZED","Distance above 5.5 m/s related to some immediate/24-h markers but not 48/72 h; total distance showed no clear relation","Few studies; soccer-specific; correlational; overlapping primary evidence","NOT_REPORTED","External load alone cannot predict readiness, recovery, or a 72-h spacing rule","NOT_APPLICABLE","AI_EXTRACTION_LANE_2","NOT_APPLICABLE"
"FRV2-B-022","RQ-B","Team-ball-sport athletes across 28 studies","Post-match recovery","NOT_REPORTED","NOT_REPORTED","NOT_REPORTED","NOT_REPORTED","Mixed","NOT_APPLICABLE","Match exposure","Pre-match baseline and sport/time subgroup comparisons","Heterogeneous team-sport matches","NOT_APPLICABLE","NOT_REPORTED","72_COACH_TARGET_NOT_STUDY_CLEARANCE","NOT_APPLICABLE","PERFORMANCE;BIOCHEMICAL;ENDOCRINE","Sprint performance, CK, cortisol and other recovery markers","Systematic review; abstract-level extraction","Acute recovery through 144 h","At least two post-match measures; up to 144 h","Primary-study overlap not mapped in this lane","NOT_SYNTHESIZED","Performance can return before biochemical markers; CK courses can extend to at least 72 h","Abstract-level extraction; heterogeneous sports and protocols; no direct youth-runner stratum","NOT_REPORTED","Domain disagreement forbids recovered normalization and cannot define a running interval","NOT_APPLICABLE","AI_EXTRACTION_LANE_2","NOT_APPLICABLE"
"SRC-PMID-41312139","RQ-C","32 post-pubertal male provincial distance runners","800-3000 m distance running","16.75 +/- 0.68 years","Male","POST_PUBERTAL_STATED;ASSESSMENT_METHOD_NOT_REPORTED","At least 3 years systematic training","Provincial; regularly competing","NOT_REPORTED","Complex training versus traditional resistance training alongside running","Complex training versus resistance training","3 x 60 min/week for 8 weeks; 60-80% 1RM progression; generally 3-4 sets and 9-12 jumps; about 44.5 +/- 6.33 km/week running","Heavy resistance then biomechanically matched plyometric component","48_OR_MORE_BETWEEN_STRENGTH_SESSIONS","NOT_APPLICABLE","48_OR_MORE_BETWEEN_STRENGTH_SESSIONS","RUNNING_ECONOMY;POWER;STRENGTH;AEROBIC","Economy at 12/14/16 km/h, CMJ power, drop jump, RSI, VO2max, 1RM","Running economy, jump, strength and aerobic tests","Eight-week adaptation","Pre and post eight weeks","Placement of endurance relative to strength on shared days NOT_REPORTED","No adverse events explicitly reported; all 32 completed","Interactions favored complex training for economy, CMJ power, drop jump and RSI; no interaction for VO2max or 1RM","Short duration; male only; no race-performance outcome; questionable 80% 1RM x 8-12RM notation","NOT_REPORTED","Supports a narrow heavy-to-plyometric pair only; no universal sequence, safety, or 9.5-day inference","NOT_APPLICABLE","AI_EXTRACTION_LANE_2","NOT_APPLICABLE"
"FRV2-C-002","RQ-C","25 postpubertal adolescent distance runners enrolled; 18 completed","Distance running","17.2 +/- 1.2 years","13 female among 25 enrolled","POSTPUBERTAL_STATED;ASSESSMENT_METHOD_NOT_REPORTED","NOT_REPORTED","Adolescent distance runners","NOT_REPORTED","Plyometric, sprint, and resistance work added to normal running","Strength intervention versus running-only control","Twice weekly for 10 weeks; secondary review reports 2-4 sets, 6-15 repetitions, 90-180 s rest","Exact within-session sequence NOT_REPORTED","NOT_REPORTED","NOT_APPLICABLE","NOT_APPLICABLE","RUNNING_ECONOMY;SPRINT;STRENGTH;AEROBIC;BODY_COMPOSITION","Economy, sprint, MVC, aerobic and body-composition outcomes","Abstract and repository metadata; dose partly from secondary review","Ten-week adaptation","Pre and post ten weeks","Seven non-completers; reasons NOT_VERIFIED","NOT_REPORTED","Economy changes about 3.2-3.7% described as possibly beneficial; sprint and MVC effects .32 and .86; other changes trivial/small","Abstract only; small completer groups; magnitude-based descriptions","NOT_REPORTED","High youth directness but low sequence and separation directness; no safety or architecture inference","NOT_APPLICABLE","AI_EXTRACTION_LANE_2","NOT_APPLICABLE"
"FRV2-C-003","RQ-C","25 trained runners; concurrent n=13 and control n=12","Distance running","16-18 years","NOT_REPORTED","NOT_REPORTED","NOT_REPORTED","Trained youth runners","NOT_REPORTED","Explosive-strength training substituted for part of endurance training","Concurrent substitution versus endurance control","Eight weeks; 19% of endurance training replaced; secondary review reports one explosive session/week and 2-3 x 6-10 repetitions","Day and order NOT_REPORTED","NOT_REPORTED","NOT_APPLICABLE","NOT_APPLICABLE","ANAEROBIC;SPRINT;AEROBIC;RUNNING_ECONOMY","Maximal anaerobic running speed, 30-m speed, aerobic maximal speed, VO2max, economy","Abstract-level extraction with secondary-review dose context","Eight-week adaptation","Pre and post eight weeks","NOT_REPORTED","NOT_REPORTED","Anaerobic running speed +3.0 +/- 2.0% and 30-m speed +1.1 +/- 1.3%; aerobic outcomes unchanged","Abstract only; sequence and separation not reported","NOT_REPORTED","Evidence concerns component substitution, not a universal order or 9.5-day schedule","NOT_APPLICABLE","AI_EXTRACTION_LANE_2","NOT_APPLICABLE"
"FRV2-C-004","RQ-C","12 competitive youth runners; concurrent n=6 and aerobic-only n=6","3-km running","10-13 years","Concurrent 3 male/3 female; control sex NOT_VERIFIED","Pair-matched by maturity; method NOT_VERIFIED","NOT_REPORTED","Competitive youth","NOT_REPORTED","Continuous and interval running plus machine resistance","Concurrent versus aerobic-only","Ten weeks; running twice weekly; resistance frequency conflicts between abstract and youth-review table; review reports 3-4 x 10-12 at 70-75% 1RM","Sequence NOT_REPORTED","NOT_REPORTED","NOT_APPLICABLE","NOT_APPLICABLE","PERFORMANCE","3-km time","Abstract-level trial report and secondary youth-review table","Ten-week adaptation","Pre and post ten weeks","Resistance dose conflict unresolved","NOT_REPORTED","No significant effects; 3-km change +6 s concurrent versus -17 s aerobic-only; post-test difference 38 s adverse to concurrent","Extremely small groups; unresolved dose; abstract only","NOT_REPORTED","Possible interference signal only; cannot prove sequence, safety, or calendar rules","NOT_APPLICABLE","AI_EXTRACTION_LANE_2","NOT_APPLICABLE"
"FRV2-C-005","RQ-C","17 national/international male junior middle-distance runners","Middle-distance running","17.6 +/- 1.2 years","Male","NOT_REPORTED","NOT_REPORTED","National/international junior","NOT_REPORTED","Depth jumps before submaximal running and time to exhaustion","Depth jumps versus body-weight quarter squats in randomized crossover","Warm-up; economy run; six depth jumps; 10-min passive recovery; second economy run; time to exhaustion at vVO2max","Plyometric component before running","0.167","NOT_APPLICABLE","0.167","RUNNING_ECONOMY;PERFORMANCE;PHYSIOLOGICAL","Running economy and time to exhaustion","Randomized crossover acute protocol; abstract-level extraction","Acute response","Pre-activation run; 10 min after activation; time to exhaustion","NOT_REPORTED","NOT_REPORTED","Economy improved 3.7% after depth jumps; time to exhaustion and other physiological measures trivial","Abstract only; acute potentiation cannot establish chronic scheduling","NOT_REPORTED","Narrow acute sequence evidence only; no adjacent-day, safety, or 9.5-day inference","NOT_APPLICABLE","AI_EXTRACTION_LANE_2","NOT_APPLICABLE"
"SRC-PMID-30131714","RQ-C","518 youth across 15 studies; 268 male and 250 female","Swimming, running, rowing and other youth endurance contexts","10.7-18.2 years","268 male; 250 female","NOT_STANDARDIZED_ACROSS_STUDIES","NOT_REPORTED","Youth athletes and non-athletes","NOT_REPORTED","Concurrent strength plus endurance training","Endurance-only or strength-only comparators","Heterogeneous protocols and events; median event distance 275 m","Order not meta-analyzed","NOT_REPORTED","NOT_APPLICABLE","NOT_APPLICABLE","CARDIORESPIRATORY;ECONOMY;PERFORMANCE;POWER","Cardiorespiratory fitness, economy, athletic performance, leg power","Systematic review/meta-analysis; median PEDro 4/10","Long-term interventions","Pre and post intervention","Order, separation, maximal-strength and hypertrophy evidence unavailable","Adverse events not synthesized","Concurrent versus endurance-only: cardiorespiratory SMD .04 and economy .16 not significant; performance SMD .41; adolescent subgroup .52 but no age-group interaction","Sports/events pooled; moderate heterogeneity; low sequence directness","NOT_REPORTED","Concurrent training not universally harmful, but no exact sequence, separation, safety, or Formation rule","NOT_APPLICABLE","AI_EXTRACTION_LANE_2","NOT_APPLICABLE"
"FRV2-C-007","RQ-C","28 well-trained male collegiate distance runners","Distance running and 5 km","19-23 years","Male","ADULT_OR_YOUNG_ADULT","At least 4 years","Well-trained collegiate","NOT_REPORTED","Complex training, heavy resistance, or high-repetition control alongside endurance","Complex versus heavy resistance versus high-repetition control","Eight weeks; nine sessions/week; six endurance and three strength; CT 3 x 5 at 80-85% 1RM then 3 x 6 matched jumps; 4-min recovery","Morning road running then afternoon strength on M/W/F; within strength heavy resistance before plyometric","AM_PM_HOURS_NOT_REPORTED;WITHIN_PAIR_0.067","NOT_APPLICABLE","NOT_APPLICABLE","STRENGTH;POWER;RUNNING_ECONOMY;SPRINT;PERFORMANCE;AEROBIC","1RM, CMJ, drop jump, RSI, economy, 50 m, 5 km, VO2max","Full-text running, strength, jump and performance testing","Eight-week adaptation","Pre and post eight weeks","Exact AM-PM hours NOT_REPORTED","Injury-free eligibility; adverse events NOT_REPORTED","CT and heavy resistance improved multiple outcomes; CT additionally improved drop jump, RSI and economy at 16 km/h; VO2max unchanged","Small groups; matched allocation; young-adult male sample; no separation comparator","NOT_REPORTED","Supports narrow component pairing; cannot establish ideal shared-day gap, safety, or 9.5-day superiority","NOT_APPLICABLE","AI_EXTRACTION_LANE_2","NOT_APPLICABLE"
"SRC-PMID-23838975","RQ-C","36 highly competitive middle- and long-distance runners","Middle- and long-distance running","NOT_REPORTED","Both sexes","NOT_REPORTED","NOT_REPORTED","Highly competitive","NOT_REPORTED","Plyometric plus usual endurance training","Usual-endurance control","Six weeks; drop jumps at 20/40 cm, CMJ and related explosive work","Shared-day placement NOT_VERIFIED","NOT_REPORTED","NOT_APPLICABLE","NOT_APPLICABLE","PERFORMANCE;SPRINT;POWER","2.4-km time, 20-m time, CMJ, 20/40-cm drop jump","Abstract-level randomized trial","Six-week adaptation","Pre and post six weeks","Shared-day placement and separation NOT_VERIFIED","NOT_REPORTED","Intervention changes: 2.4 km -3.9%, 20 m -2.3%, CMJ +8.9%, drop jumps +12.7% and +16.7%; control did not improve","Abstract only; no scheduling comparison","NOT_REPORTED","Supports component inclusion only, not calendar position, safety, or 9.5-day mechanics","NOT_APPLICABLE","AI_EXTRACTION_LANE_2","NOT_APPLICABLE"
"SRC-PMID-34767655","RQ-C","30 moderately trained distance runners inexperienced in strength training","Distance running","Approximately 33-34 years","NOT_REPORTED","ADULT","NOT_REPORTED","At least 30 km/week; moderately trained","NOT_REPORTED","Concurrent strength and endurance training","Endurance control","Ten weeks; strength and plyometric detail NOT_VERIFIED","Sequence NOT_REPORTED","NOT_REPORTED","NOT_APPLICABLE","NOT_APPLICABLE","PERFORMANCE;BIOMECHANICS;BODY_COMPOSITION","2-km time, time to exhaustion, running biomechanics, body fat","Randomized trial; abstract-level extraction","Ten-week adaptation","Pre and post ten weeks","Strength dose, sequence and separation unavailable in abstract","NOT_REPORTED","2-km time mean difference -11.3 s; time to exhaustion +59.1 s; body fat -1.05 kg; most biomechanics unchanged","Adult recreational runners; abstract only; low scheduling directness","NOT_REPORTED","No youth, ordering, safety, or 9.5-day inference","NOT_APPLICABLE","AI_EXTRACTION_LANE_2","NOT_APPLICABLE"
"FRV2-C-010","RQ-C","23 moderately trained male runners; intervention n=12 and control n=11","1500 m, 10 km and speed-endurance running","Mean 31.1 years","Male","ADULT","About 7.5 years running","Moderately trained","NOT_REPORTED","Speed-endurance running followed by heavy resistance while running volume reduced","Concurrent intervention versus usual-training control","Eight weeks; twice weekly 30-s speed-endurance repetitions with 3-min recovery then resistance at 80-90% 1RM; volume reduced 42%","Speed endurance before resistance in same session","0","NOT_APPLICABLE","0","PERFORMANCE;RUNNING_ECONOMY;STRENGTH;AEROBIC;MUSCLE_BIOMARKER;ADHERENCE","10 km, 1500 m, Yo-Yo, economy, strength, VO2max, NHE1, adherence","Full-text running, physiological and muscle testing","Eight-week adaptation","Week 4 and week 8 outcomes","Concurrent-session adherence 76 +/- 4%","Consent mentioned risks/discomfort; intervention adverse events NOT_REPORTED","10 km 44:11 to 42:30 by week 4; 1500 m 5:27 to 5:10 by week 8; economy and strength improved; VO2max unchanged","Adult male sample; no reverse-order comparator; concurrent work partly substituted for running","NOT_REPORTED","Narrow protocol example, not universal sequence, dose, safety, or Formation evidence","NOT_APPLICABLE","AI_EXTRACTION_LANE_2","NOT_APPLICABLE"
"FRV2-C-011","RQ-C","20 well-trained runners across five small groups","Uphill interval running and 5 km","NOT_REPORTED","NOT_REPORTED","NOT_REPORTED","NOT_REPORTED","Well-trained","NOT_REPORTED","Five uphill interval programs","Five intensity/dose conditions","Six weeks; exact protocols NOT_VERIFIED from abstract","No composite order tested","NOT_APPLICABLE","NOT_APPLICABLE","NOT_APPLICABLE","PERFORMANCE;RUNNING_ECONOMY;NEUROMUSCULAR;AEROBIC","5-km performance, economy, neuromuscular and aerobic measures","Abstract-level randomized multi-arm trial","Six-week adaptation","Pre and post six weeks","Exact protocols and group sizes beyond approximately four per condition NOT_VERIFIED","NOT_REPORTED","Across programs 5-km improvement about 2.0% +/- 0.6%; highest intensity most favorable for economy and neuromuscular measures; no clearly superior program","Very small cells and model-based comparisons","NOT_REPORTED","Supports hill component context only; no placement, safety, or 9.5-day inference","NOT_APPLICABLE","AI_EXTRACTION_LANE_2","NOT_APPLICABLE"
"FRV2-C-012","RQ-C","14 recreational female runners; run HIIT n=7 and cycle HIIT n=7","Running versus cycling HIIT","42 +/- 10 years","Female","ADULT","NOT_REPORTED","Recreational","NOT_REPORTED","Run or cycle HIIT while habitual training continued","Run HIIT versus cycle HIIT","Twice weekly for four weeks; 6 x 2 min at 95% HRmax with 2-min active recovery then 4 x 1 min all-out with 90-s recovery","Habitual-training placement NOT_REPORTED","NOT_REPORTED","NOT_APPLICABLE","NOT_APPLICABLE","AEROBIC;PERFORMANCE;SUBJECTIVE;SORENESS;BIOCHEMICAL","Treadmill VO2max, 10-km time, cycle pace, RPE, soreness, CK","Full-text exercise and recovery testing","Four-week adaptation and 24-h acute markers","Pre/post four weeks; soreness and CK at 24 h","Habitual training placement not standardized or reported","Injury adverse events NOT_REPORTED","Run-HIIT treadmill VO2max 42.1 to 45.2; 10-km time unchanged; cycling RPE and soreness increased","n=14; older all-female sample; tiny groups","NOT_REPORTED","Cycling cannot be assumed interchangeable, lower-fatigue, or a recovery method","NOT_APPLICABLE","AI_EXTRACTION_LANE_2","NOT_APPLICABLE"
"FRV2-C-013","RQ-C","Seven older randomized trials; sample sizes 11-60; heterogeneous adults","Running and cycling cross-training","Adult","NOT_REPORTED","ADULT","NOT_REPORTED","Untrained through competitive","NOT_REPORTED","Running-only, cycling-only, or combined running/cycling programs","Running versus cycling or combinations","At least four weeks; heterogeneous protocols","Order not an analytic question","NOT_REPORTED","NOT_APPLICABLE","NOT_APPLICABLE","AEROBIC;PERFORMANCE","Treadmill VO2max, cycle VO2max, running performance","Systematic review/meta-analysis","At least four weeks","Pre and post interventions","Protocol heterogeneity substantial","Adverse events not synthesized","Treadmill VO2max g=-.32, cycle VO2max g=-.34, running performance g=.02; all null with wide intervals","Only seven older trials; substantial risk-of-bias concerns and heterogeneity","NOT_REPORTED","Null pooled effects do not establish modality equivalence, recovery advantage, safety, or placement","NOT_APPLICABLE","AI_EXTRACTION_LANE_2","NOT_APPLICABLE"
"SRC-PMID-38627351","RQ-C","894 runners across 38 studies; 651 male and 243 female","Middle- and long-distance running","17-40 years","651 male; 243 female","MIXED;NOT_STANDARDIZED","NOT_REPORTED","Moderately through highly trained","NOT_REPORTED","High-load, submaximal, plyometric, isometric, and combined strength methods alongside running","Strength-method subgroup comparisons and controls","6-40 weeks; 1-4 strength sessions/week","Endurance-strength sequence not meta-analyzed","NOT_REPORTED","NOT_APPLICABLE","NOT_APPLICABLE","PERFORMANCE;AEROBIC;SPRINT","Running performance, VO2max, vVO2max, maximal metabolic steady state, sprint","Systematic review/meta-analysis","6-40 weeks","Pre and post interventions","NOT_REPORTED","Adverse events not synthesized","Performance favored high-load ES -.469 and combined methods -1.035; plyometric-only not significant; aerobic and sprint outcomes not significant","Publication bias for combined-method performance; certainty very low to moderate","NOT_REPORTED","Moderate component directness but low adolescent and scheduling directness; no safety or Formation rule","NOT_APPLICABLE","AI_EXTRACTION_LANE_2","NOT_APPLICABLE"
"FRV2-C-015","RQ-C","1090 adults across 43 concurrent-training studies","Aerobic plus resistance training","Adult","NOT_REPORTED","ADULT","NOT_REPORTED","Mixed adult training status","NOT_REPORTED","Concurrent aerobic and resistance training","Identical resistance-only training","At least four weeks; running in 16 studies and cycling in 24","Sequence heterogeneous","AT_MOST_0.333_VERSUS_AT_LEAST_3","NOT_APPLICABLE","NOT_APPLICABLE","STRENGTH;HYPERTROPHY;POWER","Maximal strength, hypertrophy, explosive strength","Updated systematic review/meta-analysis; mean PEDro 4.3/10","Long-term adaptation","Pre and post interventions","NOT_REPORTED","Adverse events not synthesized","No clear maximal-strength or hypertrophy penalty; explosive strength SMD -.28; same-session subgroup -.31 and separated-at-least-3-h subgroup not significant","Adult and heterogeneous; subgroup comparison across studies is not a validated threshold","NOT_REPORTED","Outcome-specific caution only; cannot create universal youth separation or sequence rules","NOT_APPLICABLE","AI_EXTRACTION_LANE_2","NOT_APPLICABLE"
"FRV2-C-016","RQ-C","Healthy adults across 10 studies","Same-session endurance and resistance training","Adult","NOT_REPORTED","ADULT","NOT_REPORTED","Mixed","NOT_REPORTED","Resistance then endurance versus endurance then resistance","Two same-session orders","At least five weeks; heterogeneous dose","Resistance-to-endurance versus endurance-to-resistance","INTRA_SESSION;EXACT_GAP_NOT_REPORTED","NOT_APPLICABLE","NOT_APPLICABLE","STRENGTH;HYPERTROPHY;AEROBIC;POWER","Dynamic and static strength, hypertrophy, aerobic capacity, power","Systematic review/meta-analysis","At least five weeks","Pre and post interventions","Only two power studies","Adverse events not synthesized","Resistance then endurance favored dynamic strength +6.91%; no sequence effect for hypertrophy, static strength, or aerobic capacity","I2 66% for dynamic strength; not runner- or youth-specific","NOT_REPORTED","Does not justify universal strength-first ordering; priority and outcome matter","NOT_APPLICABLE","AI_EXTRACTION_LANE_2","NOT_APPLICABLE"
"SRC-PMID-32407361","RQ-C","29 healthy moderately active men; two concurrent groups n=10 each and resistance-only n=9","Cycling HIIT plus resistance training","Mean 24.5 years","Male","ADULT","NOT_REPORTED","Moderately active","NOT_REPORTED","HIIT then resistance or resistance then HIIT","Two orders plus resistance-only","Nine weeks; three days/week","HIIT-to-resistance versus resistance-to-HIIT","3.1 +/- 0.2-0.5","NOT_APPLICABLE","3.1 +/- 0.2-0.5","STRENGTH;BODY_COMPOSITION;AEROBIC;POWER","Strength, lean mass, VO2peak, peak aerobic power, lactate threshold, CMJ displacement/force/power","Full-text randomized controlled trial","Nine-week adaptation","Pre and post nine weeks","NOT_REPORTED","One withdrawal due to injury outside study; no intervention adverse event reported","All groups strength +24-28% and lean mass +3-4%; concurrent groups improved aerobic outcomes; resistance-to-HIIT attenuated selected CMJ indices versus resistance-only","Healthy adult men; cycling not running; outcome-specific sequence effects","NOT_REPORTED","Conflicts with a simple strength-first rule and cannot set youth or 9.5-day mechanics","NOT_APPLICABLE","AI_EXTRACTION_LANE_2","NOT_APPLICABLE"
"FRV2-C-018","RQ-C","58 adult amateur rugby players","Concurrent aerobic and strength training","Adult","NOT_REPORTED","ADULT","NOT_REPORTED","Amateur rugby","NOT_REPORTED","Resistance followed by aerobic work with different recovery durations","Concurrent 0 h, 6 h, or 24 h; strength-only; control","Two sessions of each quality per week for seven weeks","Resistance always before aerobic","0_OR_6_OR_24","NOT_APPLICABLE","0_OR_6_OR_24","STRENGTH;AEROBIC","Strength gains and VO2peak","Randomized trial; abstract-level extraction","Seven-week adaptation","Pre and post seven weeks","Complete estimates and confidence intervals not available in abstract","NOT_REPORTED","Strength gains lower at 0 h than 6 h, 24 h or strength-only; VO2peak improved in all concurrent groups","Magnitude-based inference; adult team sport; abstract only","NOT_REPORTED","One indirect study cannot define universal 6-h or 24-h youth thresholds","NOT_APPLICABLE","AI_EXTRACTION_LANE_2","NOT_APPLICABLE"
"FRV2-C-019","RQ-C","18 healthy inactive adults after two weeks unilateral knee immobilization","Rehabilitation cycling and resistance training","20 +/- 2 years","10 male; 8 female","ADULT","NOT_REPORTED","Inactive rehabilitation sample","NOT_APPLICABLE","Immediate endurance-to-resistance or resistance-to-endurance training","Two immediate orders","Six weeks; three sessions/week; 22.5 min cycling at 65-75% VO2peak plus 3 x 10 leg exercises at 65-80% 1RM","Endurance-to-resistance versus resistance-to-endurance","0","NOT_APPLICABLE","0","MOLECULAR;STRENGTH;HYPERTROPHY;AEROBIC","Gene expression, mitochondrial complex II, strength, muscle mass, VO2peak","Full-text rehabilitation trial","Six-week adaptation and acute molecular response","Acute and pre/post six weeks","NOT_REPORTED","Immobilization pain/edema monitored; training adverse events NOT_REPORTED","Order affected mitochondrial complex II but not strength, muscle mass or VO2peak; acute gene-expression interactions null","Rehabilitation and detraining context; n=18; strongly indirect","NOT_REPORTED","Null rehab findings should not override trained-runner evidence or create universal order rules","NOT_APPLICABLE","AI_EXTRACTION_LANE_2","NOT_APPLICABLE"
"FRV2-C-020","RQ-C","Adults across 21 concurrent-training studies","Aerobic and resistance training","Adult","Mixed","ADULT","NOT_REPORTED","Mixed adult training status","NOT_REPORTED","Concurrent endurance and resistance training","Resistance-only or study comparators","Heterogeneous modality, frequency and duration","Order and separation not recoverable from abstract","NOT_VERIFIED","NOT_APPLICABLE","NOT_APPLICABLE","STRENGTH;POWER;HYPERTROPHY;AEROBIC","Interference outcomes and moderators","Historical systematic review/meta-analysis; abstract-level extraction","Long-term adaptation","Pre and post interventions","Exact source-level scheduling not recoverable","Adverse events not synthesized","Interference signal reported particularly for power, varying with endurance mode and dose","Older synthesis overlapping later reviews; abstract only","NOT_REPORTED","Historical context only; no youth-runner calendar rule or universal fatigue number","NOT_APPLICABLE","AI_EXTRACTION_LANE_2","NOT_APPLICABLE"
"SRC-PMID-33751469","RQ-C","750 adults across 27 studies; 523 male and 227 female","Concurrent resistance and endurance training","20-38 years","523 male; 227 female","ADULT","NOT_REPORTED","Untrained, moderately trained, and trained","NOT_REPORTED","Concurrent endurance and identical resistance training","Concurrent versus resistance-only","Heterogeneous protocols","Same-session or different-session categories","UNDER_0.333_VERSUS_OVER_2","NOT_APPLICABLE","NOT_APPLICABLE","STRENGTH","Lower-body one-repetition maximum","Systematic review/meta-analysis","Long-term adaptation","Pre and post interventions","Two studies mixed separation and one did not report","Adverse events not synthesized","No significant penalty untrained or moderately trained; trained ES -.35; trained same-session ES -.66 and different-session null","Between-study subgroup result; adult and strength-specific; bins are not validated thresholds","NOT_REPORTED","Cannot determine endurance-first versus strength-first, adolescent separation, safety, or 9.5-day schedule","NOT_APPLICABLE","AI_EXTRACTION_LANE_2","NOT_APPLICABLE"
"SRC-PMID-23134196","RQ-A","15 well-trained adult cyclists; block n=8 and traditional n=7","Cycling","Adult","NOT_REPORTED","ADULT","NOT_REPORTED","Well-trained","Preparation period","Block periodization of high-intensity aerobic training","Traditional organization with two weekly HIT sessions","Twelve weeks; block group performed five HIT sessions every fourth week followed by three weeks of one HIT session; total HIT and LIT volumes matched","Concentrated block versus evenly distributed HIT","NOT_REPORTED","NOT_APPLICABLE","NOT_APPLICABLE","AEROBIC;PERFORMANCE;HEMATOLOGICAL","VO2max, power at 2 mmol/L lactate, hemoglobin mass, 40-min all-out power","Comparative cycling trial; abstract-level extraction","Twelve-week adaptation","Pre and post twelve weeks","NOT_REPORTED","NOT_REPORTED","VO2max +8.8 +/- 5.9% block versus +3.7 +/- 2.9% traditional; moderate effects reported across selected indices","n=15; cycling; abstract only; several outcomes summarized by effect-size range","NOT_REPORTED","Small adult cycling study cannot establish running-frame length, 9.5-day superiority, or safety","NOT_APPLICABLE","AI_EXTRACTION_LANE_2","NOT_APPLICABLE"
"SRC-PMID-27300278","RQ-A","63 trained adult cyclists; increasing n=23, decreasing n=20, mixed n=20","Cycling high-intensity intervals","Adult","NOT_REPORTED","ADULT","NOT_REPORTED","Trained","NOT_REPORTED","Increasing, decreasing, or mixed order of three interval prescriptions","Three load-matched periodization orders","Twelve weeks; 24 interval sessions plus high-volume low-intensity training; 4 x 16 min, 4 x 8 min, and 4 x 4 min mesocycles","Increasing versus reverse versus mixed mesocycle order","NOT_REPORTED","NOT_APPLICABLE","NOT_APPLICABLE","PERFORMANCE;AEROBIC;INDIVIDUAL_RESPONSE","40-min all-out mean power, peak power, VO2peak, power at 4 mmol/L lactate","Randomized controlled cycling trial; abstract-level extraction","Twelve-week adaptation","Pre and post twelve weeks","NOT_REPORTED","NOT_REPORTED","All groups improved selected outcomes 5-10%; no between-group adaptation difference; response-category likelihood similar","Adult cycling and abstract-only evidence; interval order is not calendar-frame duration","Similar likelihood of large, moderate, or nonresponse across groups","Counters a universal sequence effect but cannot prescribe a 9.5-day running architecture","NOT_APPLICABLE","AI_EXTRACTION_LANE_2","NOT_APPLICABLE"
"SRC-PMID-31024338","RQ-A","One world-class adult female cross-country skier","Cross-country skiing","Adult","Female","ADULT","NOT_REPORTED","World class","Two successful annual seasons","Block-periodized versus traditionally periodized HIT across two historical seasons","Within-athlete comparison of two successful seasons","Seven HIT blocks lasting 7-11 days with 8-13 HIT sessions each; block weeks averaged 16.2 +/- 1.3 h and 10.8 +/- 0.4 sessions","HIT blocks distributed across preparation phases; no blocks in competition phase","360_TO_1152_BETWEEN_BLOCKS","NOT_APPLICABLE","168_TO_264_BLOCK_DURATION","PRACTICE_DESCRIPTION;LOAD;PERFORMANCE_CONTEXT;ILLNESS_CONTEXT","Training volume, intensity distribution, TRIMP, competition rank, illness days","Training diaries, athlete/coach interviews, historical season comparison","Two annual seasons","Seven blocks; annual phase summaries","Single-athlete historical records; no counterfactual season control","Illness days recorded; no intervention adverse-event inference","Both models accompanied successful seasons; block season used twice as many HIT sessions and lower total volume; no causal effect estimate","n=1; retrospective case; skiing; seasons differ in more than block duration","Single-athlete longitudinal description only","Verifies 7-11-day block practice, not a recurring 9.5-day frame, causal benefit, youth transfer, or safety","NOT_APPLICABLE","AI_EXTRACTION_LANE_2","NOT_APPLICABLE"
"SRC-PMID-34021488","RQ-A","World-class adult 800-m and 1500-m runners represented in scientific and best-practice literature","800 m and 1500 m","Adult elite","Both sexes; literature biased toward men","ADULT","NOT_REPORTED","World class","Preparation, competition, and transition concepts","Event-specific integration of training principles and practice","800-m versus 1500-m demand and practice continuum","Reported preparation volumes about 50-120 km/week for 800 m versus 120-170 km/week for 1500 m; training distributions about 60/40 versus 90/10 below versus at/above anaerobic threshold","Event-specific component emphasis; no exact microcycle comparison","NOT_REPORTED","NOT_APPLICABLE","NOT_APPLICABLE","EVENT_DEMAND;PRACTICE_DESCRIPTION","Aerobic/anaerobic distribution, volume, intervals, strength, power, plyometrics","Narrative review and position statement using scientific and best-practice literature","Long-term elite development","Annual phases and typical training organization","Formal source-level completeness NOT_VERIFIED","NOT_APPLICABLE","800- and 1500-m athletes show materially different volumes, distributions, and component emphasis","Narrative evidence; male and long-distance-thinking bias; no adolescent or cycle-length comparison","Substantial athlete-profile diversity described","Supports event stratification only; not direct adolescent 9.5-day efficacy, safety, or automatic clearance evidence","NOT_APPLICABLE","AI_EXTRACTION_LANE_2","NOT_APPLICABLE"
"SRC-PMID-34062089","RQ-A","Eight highly trained 1500-m runners","1500 m","NOT_REPORTED","NOT_REPORTED","NOT_REPORTED","NOT_REPORTED","Highly trained","Taper","Two seven-day taper strategies in crossover","Race-pace taper versus lower-volume higher-intensity taper","Race-pace: continuous volume -30% and final intervals at 1500-m pace; high-intensity: volume -60% and final intervals at 110% race pace","Two taper conditions separated by at least three weeks regular training","504_OR_MORE_BETWEEN_TAPERS","NOT_APPLICABLE","168_TAPER_DURATION","PERFORMANCE;PACING","1500-m indoor time trial and 300-m segment pacing","Crossover study; abstract-level extraction","Seven-day taper response","Time trial one day before and one day after each taper","NOT_REPORTED","NOT_REPORTED","Time improved 5.2 +/- 3.7 s after high-intensity taper and 3.2 +/- 3.8 s after race-pace taper; early 300-m segments faster after both","n=8; abstract only; two taper packages differ in volume and final intensity","Within-athlete crossover with at least three-week washout","Supports taper-component direction in a tiny sample, not a 9.5-day taper rule, whole-frame benefit, or safety","NOT_APPLICABLE","AI_EXTRACTION_LANE_2","NOT_APPLICABLE"
"SRC-PMID-35299664","RQ-A","30 trained adult cyclists; 26 male and 4 female; block n=14 and traditional n=16","Cycling","Adult","26 male; 4 female","ADULT","NOT_REPORTED","Trained","Mid-winter preparation","Load-matched block versus traditional periodization","Weekly concentration versus cyclic progressive distribution of HIT, MIT, and LIT","Twelve weeks with matched training load; detailed session distribution varies by group","Block concentration versus weekly cyclic progression","NOT_REPORTED","NOT_APPLICABLE","NOT_APPLICABLE","PERFORMANCE;AEROBIC;HEMATOLOGICAL;MUSCLE;EFFICIENCY","5- and 40-min time-trial power, Wmax, W4mmol, VO2peak, red-cell volume, capillarization, enzymes, gross efficiency","Parallel-group full-text cycling intervention","Twelve-week adaptation","Pre, intermediate, and post twelve weeks","NOT_REPORTED","Participants informed of risks/discomfort; intervention adverse events NOT_REPORTED","Both groups improved time-trial power 8-9%, Wmax and W4mmol; no performance-group difference; hematological/capillary adaptations differed","Adult cycling; many outcomes; no running or nonweekly-frame comparison","NOT_REPORTED","Counters universal block superiority and cannot establish 9.5-day running mechanics, efficacy, or safety","NOT_APPLICABLE","AI_EXTRACTION_LANE_2","NOT_APPLICABLE"
"SRC-PMID-36086887","RQ-B","12 highly trained adult male swimmers","15-m front crawl swimming","Adult","Male","ADULT","NOT_REPORTED","Highly trained swimmers","NOT_APPLICABLE","Front crawl under maximal inspiration, intermediate lung volume, and maximal expiration","Three lung-volume conditions","15 m at target velocity 1.20 m/s","Within-athlete lung-volume conditions","NOT_APPLICABLE","NOT_APPLICABLE","NOT_APPLICABLE","SOURCE_IDENTITY_AUDIT;SWIMMING_BIOMECHANICS","Vertical center-of-mass position, trunk inclination, projected frontal area","Underwater motion capture and reconstructed digital-human model; abstract-level extraction","Immediate swimming biomechanics","Single 15-m condition trials","NOT_REPORTED","NOT_REPORTED","Projected frontal area decreased with larger lung volume","Wrong identifier for the intended running-recovery citation; no recovery time course or running exposure","NOT_REPORTED","Canonical screening decision is EXCLUDE; this PMID must contribute no RQ-B recovery, 72-h, or prescription claim","NOT_APPLICABLE","AI_EXTRACTION_LANE_2","NOT_APPLICABLE"
"SRC-PMID-12741870","RQ-C","11 collegiate female distance runners; run n=6 and cycling-substitution n=5","3000-m running between competitive seasons","NOT_REPORTED","Female","NOT_REPORTED","NOT_REPORTED","Competitive collegiate","Five-week recuperative phase","Running only versus 50% cycling substitution on alternate days","Run-only versus run/cycle cross-training","Daily training at 75-80% maximal HR; 40-50 miles/week seasonal volume; cycling represented 50% of volume in cross-training group","Cycling substituted on alternate days","24_APPROXIMATE_ALTERNATE_DAY_NOT_EXACT","NOT_APPLICABLE","NOT_APPLICABLE","PERFORMANCE;AEROBIC","3000-m time and estimated VO2max","Randomized comparative trial; abstract-level extraction","Five-week adaptation","Pre and post five weeks","NOT_REPORTED","NOT_REPORTED","3000 m slowed 1.4% run-only versus 3.4% cross-training; estimated VO2max showed no important change","n=11; off-season; abstract only; estimated rather than directly measured VO2max","NOT_REPORTED","Cycling may preserve selected aerobic status but is not performance-equivalent, a recovery accelerator, or a Formation slot rule","NOT_APPLICABLE","AI_EXTRACTION_LANE_2","NOT_APPLICABLE"
"SRC-PMID-17149987","RQ-C","15 highly trained distance runners; plyometric n=7 and control n=8","Middle- and long-distance running","Adult; exact range NOT_REPORTED","NOT_REPORTED","ADULT","NOT_REPORTED","Highly trained","NOT_REPORTED","Plyometric training added to normal running","Normal-running control","Three 30-min plyometric sessions/week for nine weeks","Placement relative to normal running NOT_REPORTED","NOT_REPORTED","NOT_APPLICABLE","NOT_APPLICABLE","RUNNING_ECONOMY;AEROBIC;POWER","Economy at 14, 16, and 18 km/h, VO2max, jump power, strength-quality timing","Randomized controlled trial; abstract-level extraction","Nine-week adaptation","Pre and post nine weeks","NOT_REPORTED","NOT_REPORTED","Economy improved 4.1% at 18 km/h versus control but not 14/16 km/h; no VO2max or cardiorespiratory difference","n=15; abstract only; scheduling and sex not reported","NOT_REPORTED","Supports context-specific plyometric adaptation only; no microcycle placement, safety, or 9.5-day inference","NOT_APPLICABLE","AI_EXTRACTION_LANE_2","NOT_APPLICABLE"
"SRC-PMID-36370207","RQ-C","Long-distance runners across 22 studies","Long-distance running","Adult-dominant; exact range NOT_REPORTED","Mixed; exact distribution NOT_REPORTED","NOT_REPORTED","NOT_REPORTED","Mixed runner levels","NOT_REPORTED","Heavy resistance or plyometric training as adjuncts to running","Heavy resistance versus plyometric method bodies; running controls within included studies","At least four weeks; heavy resistance at least 70% 1RM for eligibility; method and duration subgroups","Order and running-session placement not analyzed","NOT_REPORTED","NOT_APPLICABLE","NOT_APPLICABLE","RUNNING_ECONOMY;PERFORMANCE","Running economy and time-trial performance","Systematic review/meta-analysis with PubMed, Web of Science, and SPORTDiscus search","Four to fourteen weeks across subgroups","Pre and post included interventions","Study-level schedule fields and adverse events not synthesized","Adverse events not synthesized","Economy: heavy resistance g=-.32 [-.55,-.10] versus plyometric g=-.13 [-.47,.21]; selected duration/load subgroups differed","Review populations and protocols heterogeneous; source-reported heavy-resistance time-trial CI is internally inconsistent with its point estimate","NOT_REPORTED","Compares component methods only; cannot create a universal sequence, Formation interval, safety claim, or 9.5-day validation","NOT_APPLICABLE","AI_EXTRACTION_LANE_2","NOT_APPLICABLE"
"SRC-PMID-37435592","RQ-C","20 male high-school middle-distance runners; HIIT n=10 and MIIT n=10","800-m middle-distance running","Adolescent high-school","Male","NOT_REPORTED","NOT_REPORTED","High-school middle-distance runners","NOT_REPORTED","High- versus medium-intensity interval training plus identical weight training","HIIT at 90-95% HRR versus MIIT at 60-70% HRR","Ten weeks; IT M/W/F for 60 min including 20-min warm-up, 35-min intervals and 5-min cool-down; weights Tue/Sat for 60 min at 60-70% 1RM","Intervals Monday, Wednesday, Friday; weight training Tuesday and Saturday","ADJACENT_DAY_SCHEDULE;EXACT_HOURS_NOT_REPORTED","NOT_APPLICABLE","NOT_APPLICABLE","PERFORMANCE;BIOCHEMICAL;ANTIOXIDANT","800-m time, CK, LDH, SOD, MDA and other serum markers","Randomized full-text intervention; heart-rate reserve prescription and blood assays","Ten-week adaptation","Pre and post ten weeks","Exact interval work/rest repetitions require table interpretation and are not normalized here","Adverse events NOT_REPORTED","Both groups improved 800-m records; improvement stronger in HIIT; CK decreased only in HIIT and SOD increased in HIIT; MDA unchanged","n=20; male only; maturity unreported; both groups also performed weights; biomarker change is not recovery or safety","NOT_REPORTED","Supports component outcomes only; no recovery clearance, adjacent-day safety, or whole-Formation inference","NOT_APPLICABLE","AI_EXTRACTION_LANE_2","NOT_APPLICABLE"
"SRC-PMID-40016936","RQ-C","28 well-trained adult male runners; strength n=14 and running-only n=14","Prolonged heavy-domain running and fatigued high-intensity performance","Adult","Male","ADULT","NOT_REPORTED","Well-trained","NOT_REPORTED","Supplementary maximal strength and plyometric training plus habitual running","Habitual running-only control","Twice weekly for ten weeks; exact strength and plyometric exercise dose NOT_VERIFIED from abstract","Placement relative to running NOT_REPORTED","NOT_REPORTED","NOT_APPLICABLE","NOT_APPLICABLE","RUNNING_ECONOMY;PERFORMANCE;FATIGUED_STATE","Economy across 90-min heavy-intensity run and time to exhaustion at 95% pretest VO2max","Randomized comparative trial; abstract-level extraction","Ten-week adaptation plus post-prolonged-run test","Economy every 15 min during 90-min run; immediate time-to-exhaustion test","NOT_REPORTED","NOT_REPORTED","Economy at 90 min changed -2.1% strength versus +0.6% control; time to exhaustion +35% versus -8%","Adult male sample; abstract only; no validated neural-fatigue measure; scheduling absent","NOT_REPORTED","Supports selected economy-durability outcomes, not neural-fatigue resistance, recovery, placement, safety, or 9.5-day architecture","NOT_APPLICABLE","AI_EXTRACTION_LANE_2","NOT_APPLICABLE"
"SRC-PMID-40596578","RQ-C","40 moderately trained middle-distance runners; 24 male and 16 female; four groups n=10 each","800-m middle-distance running and uphill training","16-20 years","24 male; 16 female","NOT_REPORTED","2.11 +/- 0.74 years structured training","Moderately trained academy runners","NOT_REPORTED","Shallow 2.5%, intermediate 5.1%, or steep 7.6% uphill training","Three gradient groups versus normal-training control","Two uphill sessions/week for eight weeks at 85-100% HRmax, replacing strength training; normal running about 21.748 miles/week; gradient-specific bouts and rests","Hill sessions added to normal running; exact weekly placement NOT_REPORTED","NOT_REPORTED","NOT_APPLICABLE","NOT_APPLICABLE","PERFORMANCE;SPRINT;STRENGTH_ENDURANCE","800-m time trial, flying 30-m maximal velocity, one-minute burpees","Randomized full-text trial with video timing and heart-rate monitoring","Eight-week adaptation","Pre and 48 h after intervention; tests over two days","At least 85% attendance required; all analyzed n=40","Injury history screened; intervention adverse events NOT_REPORTED","Steep group outperformed control for Vmax, 800 m and burpees; intermediate group also improved 800 m versus control","Small four-arm study; age spans adolescent/young adult; strength training was substituted; no maturity measure","NOT_REPORTED","Supports uphill component adaptation in this sample only; no neural-fatigue, Formation-slot, safety, or 9.5-day inference","NOT_APPLICABLE","AI_EXTRACTION_LANE_2","NOT_APPLICABLE"
"SRC-PMID-7649149","RQ-C","30 well-trained adults; 10 male and 20 female","3.2-km running with running or swimming cross-training","Adult","10 male; 20 female","ADULT","NOT_REPORTED","Well-trained","NOT_REPORTED","Added running, added swimming cross-training, or continued baseline running","Running addition versus swimming cross-training versus control","Eight weeks; training enhanced 10% per week in running or swimming groups","Added mode alongside baseline running","NOT_REPORTED","NOT_APPLICABLE","NOT_APPLICABLE","PERFORMANCE;AEROBIC;LACTATE;MODE_SPECIFICITY","3.2-km time, running and arm-crank VO2peak, submaximal VO2, velocity at VO2peak, lactate-threshold velocity","Randomized longitudinal trial; abstract-level extraction","Eight-week adaptation","Pre and post eight weeks","Group sizes NOT_VERIFIED from abstract","NOT_REPORTED","3.2-km time changed -26.4 s running, -13.2 s swimming, -5.4 s control; running lactate velocity improved only with added running; arm-crank outcomes improved with swimming","Older abstract-only study; swimming is mechanically dissimilar; group sizes and schedule details not reported","NOT_REPORTED","Partial aerobic transfer is not mode equivalence, recovery acceleration, safe substitution, or a Formation placement rule","NOT_APPLICABLE","AI_EXTRACTION_LANE_2","NOT_APPLICABLE"
