source_id,primary_rq,secondary_rqs,decision,reason,reviewer_id
"FRV2-A-005","RQ-A","","INCLUDE","Eligible evidence for RQ-A; use remains limited to the ledger directness and stated claim boundary: No audited study tested varied nonperiodized comparators or accuracy of adaptation-timing predictions; running transfer is indirect. owner_target=9_5_DAY_AUTOMATED_PRESCRIPTION; runtime_authority=false","AI_SCREEN_LANE_1"
"FRV2-A-006","RQ-A","","INCLUDE","Eligible evidence for RQ-A; use remains limited to the ledger directness and stated claim boundary: Perceptions support revisable planning indirectly; no running subgroup, cycle prevalence, or outcome efficacy. owner_target=9_5_DAY_AUTOMATED_PRESCRIPTION; runtime_authority=false","AI_SCREEN_LANE_1"
"FRV2-A-007","RQ-A","","INCLUDE","Eligible evidence for RQ-A; use remains limited to the ledger directness and stated claim boundary: Weekly organization remained explicit and pragmatic adjustments were reported; middle-distance events under six minutes were excluded. owner_target=9_5_DAY_AUTOMATED_PRESCRIPTION; runtime_authority=false","AI_SCREEN_LANE_1"
"FRV2-A-008","RQ-A","","INCLUDE","Eligible evidence for RQ-A; use remains limited to the ledger directness and stated claim boundary: Reports 11-14 sessions per week and typical training weeks; no nonweekly-frame comparison. owner_target=9_5_DAY_AUTOMATED_PRESCRIPTION; runtime_authority=false","AI_SCREEN_LANE_1"
"FRV2-A-009","RQ-A","","INCLUDE","Eligible evidence for RQ-A; use remains limited to the ledger directness and stated claim boundary: Typical training week with individual event and altitude adjustments; n=8 and no nonweekly comparator. owner_target=9_5_DAY_AUTOMATED_PRESCRIPTION; runtime_authority=false","AI_SCREEN_LANE_1"
"FRV2-A-010","RQ-A","","EXCLUDE","Irrelevant-duration false positive: nine consecutive overload days are not a recurring nonweekly microcycle or 9.5-day prescription frame.","AI_SCREEN_LANE_1"
"FRV2-A-011","RQ-A","","INCLUDE","Eligible evidence for RQ-A; use remains limited to the ledger directness and stated claim boundary: Verified retrospective self-report of a 9-day cycle; use evidence only, with no causal efficacy or youth-transfer inference. owner_target=9_5_DAY_AUTOMATED_PRESCRIPTION; runtime_authority=false","AI_SCREEN_LANE_1"
"FRV2-A-012","RQ-A","","INCLUDE","Eligible evidence for RQ-A; use remains limited to the ledger directness and stated claim boundary: Single self-programmed 9-day case with self-reported outcomes and concurrent changes; no causal inference. owner_target=9_5_DAY_AUTOMATED_PRESCRIPTION; runtime_authority=false","AI_SCREEN_LANE_1"
"FRV2-A-013","RQ-A","","INCLUDE","Eligible evidence for RQ-A; use remains limited to the ledger directness and stated claim boundary: Hunt reports actual 10-day use; article also provides a 9-day template and practical counterevidence. A quoted 72 hours is not clearance. owner_target=9_5_DAY_AUTOMATED_PRESCRIPTION; runtime_authority=false","AI_SCREEN_LANE_1"
"FRV2-A-014","RQ-A","","INCLUDE","Eligible evidence for RQ-A; use remains limited to the ledger directness and stated claim boundary: Third-party report of 10-day use, not a primary verified protocol; unsupported injury language excluded. owner_target=9_5_DAY_AUTOMATED_PRESCRIPTION; runtime_authority=false","AI_SCREEN_LANE_1"
"FRV2-A-015","RQ-A","","INCLUDE","Eligible evidence for RQ-A; use remains limited to the ledger directness and stated claim boundary: Verified 9-day sample plan and 10-day mention only; no implemented cohort or outcome. owner_target=9_5_DAY_AUTOMATED_PRESCRIPTION; runtime_authority=false","AI_SCREEN_LANE_1"
"FRV2-A-016","RQ-A","","INCLUDE","Eligible evidence for RQ-A; use remains limited to the ledger directness and stated claim boundary: Verified 10-day plan only; event-indirect and no athlete sample or outcome. owner_target=9_5_DAY_AUTOMATED_PRESCRIPTION; runtime_authority=false","AI_SCREEN_LANE_1"
"FRV2-A-017","RQ-A","","INCLUDE","Eligible evidence for RQ-A; use remains limited to the ledger directness and stated claim boundary: Verified self-report of a 10-day cycle; corrects a conflicting 9-day overview and permits no causal attribution. owner_target=9_5_DAY_AUTOMATED_PRESCRIPTION; runtime_authority=false","AI_SCREEN_LANE_1"
"FRV2-B-001","RQ-B","","INCLUDE","Eligible evidence for RQ-B; use remains limited to the ledger directness and stated claim boundary: Direct adolescent-runner biochemical time course; all-out 21 km; 2 h 4 h 24 h; not middle-distance direct.","AI_SCREEN_LANE_1"
"FRV2-B-002","RQ-B","","INCLUDE","Eligible evidence for RQ-B; use remains limited to the ledger directness and stated claim boundary: Direct adolescent-runner biochemical time course; all-out 21 km; 2 h 4 h 24 h; no clearance inference.","AI_SCREEN_LANE_1"
"FRV2-B-003","RQ-B","","INCLUDE","Eligible evidence for RQ-B; use remains limited to the ledger directness and stated claim boundary: Youth indirect; 1-day and 2-day mixed-modality races; marker-specific 24-72 h time course.","AI_SCREEN_LANE_1"
"FRV2-B-004","RQ-B","","INCLUDE","Eligible evidence for RQ-B; use remains limited to the ledger directness and stated claim boundary: Youth athlete indirect; force at post 24 h 48 h 72 h; no subsequent training; large individual variability.","AI_SCREEN_LANE_1"
"FRV2-B-005","RQ-B","","INCLUDE","Eligible evidence for RQ-B; use remains limited to the ledger directness and stated claim boundary: Youth athlete indirect; static-stretch versus passive recovery; pre post 48 h; intervention confounds natural kinetics.","AI_SCREEN_LANE_1"
"FRV2-B-006","RQ-B","","INCLUDE","Eligible evidence for RQ-B; use remains limited to the ledger directness and stated claim boundary: Youth athlete indirect; objective and subjective outcomes diverge at 24-48 h.","AI_SCREEN_LANE_1"
"FRV2-B-007","RQ-B","","INCLUDE","Eligible evidence for RQ-B; use remains limited to the ledger directness and stated claim boundary: Youth athlete indirect; complete versus reduced training at 48 h; 72-h state includes intervening load.","AI_SCREEN_LANE_1"
"FRV2-B-009","RQ-B","","INCLUDE","Eligible evidence for RQ-B; use remains limited to the ledger directness and stated claim boundary: Youth athlete indirect; fixed-order crossover; selected markers at 24 h 48 h 72 h; no safety inference.","AI_SCREEN_LANE_1"
"FRV2-B-010","RQ-B","","INCLUDE","Eligible evidence for RQ-B; use remains limited to the ledger directness and stated claim boundary: Youth indirect review; peak strength soreness and CK effects beyond 24 h; not a session-specific interval study.","AI_SCREEN_LANE_1"
"FRV2-B-011","RQ-B","","INCLUDE","Eligible evidence for RQ-B; use remains limited to the ledger directness and stated claim boundary: Runner direct but adult; two treadmill 1500-m trials 24 h apart; performance-specific counterevidence only.","AI_SCREEN_LANE_1"
"FRV2-B-013","RQ-B","","INCLUDE","Eligible evidence for RQ-B; use remains limited to the ledger directness and stated claim boundary: Runner direct but adult; 60-min downhill run; gait CK pain and MRI at post 24 h 48 h.","AI_SCREEN_LANE_1"
"FRV2-B-014","RQ-B","","INCLUDE","Eligible evidence for RQ-B; use remains limited to the ledger directness and stated claim boundary: Runner direct but adult; two downhill bouts; post 24 h 48 h 72 h 96 h 168 h; explicit soreness beyond 72 h.","AI_SCREEN_LANE_1"
"FRV2-B-019","RQ-B","","INCLUDE","Eligible evidence for RQ-B; use remains limited to the ledger directness and stated claim boundary: Indirect cycling; repeated sessions separated by 24 h or 48 h; performance and neuromuscular markers disagree at 24 h.","AI_SCREEN_LANE_1"
"FRV2-B-020","RQ-B","","INCLUDE","Eligible evidence for RQ-B; use remains limited to the ledger directness and stated claim boundary: Indirect review; 20 studies; sprint COD CMJ CK and DOMS through 72 h; high heterogeneity.","AI_SCREEN_LANE_1"
"FRV2-B-022","RQ-B","","INCLUDE","Eligible evidence for RQ-B; use remains limited to the ledger directness and stated claim boundary: Indirect review; 28 studies; performance and biochemical time courses to 144 h; full text available but not inspected in this extraction.","AI_SCREEN_LANE_1"
"FRV2-C-002","RQ-C","","INCLUDE","Eligible evidence for RQ-C; use remains limited to the ledger directness and stated claim boundary: Twice-weekly plyometric sprint and resistance work supported economy and strength signals; sequence and running separation were not reported in the abstract.","AI_SCREEN_LANE_1"
"FRV2-C-003","RQ-C","","INCLUDE","Eligible evidence for RQ-C; use remains limited to the ledger directness and stated claim boundary: Nineteen percent of endurance training was replaced by explosive work; speed improved while VO2max and economy were unchanged; scheduling was not reported.","AI_SCREEN_LANE_1"
"FRV2-C-004","RQ-C","","INCLUDE","Eligible evidence for RQ-C; use remains limited to the ledger directness and stated claim boundary: Tiny null/adverse signal; resistance frequency conflicts between abstract and review table; order and separation remain unresolved.","AI_SCREEN_LANE_1"
"FRV2-C-005","RQ-C","","INCLUDE","Eligible evidence for RQ-C; use remains limited to the ledger directness and stated claim boundary: Six depth jumps followed by 10 min passive recovery improved acute running economy but not time to exhaustion; chronic scheduling transfer is unsupported.","AI_SCREEN_LANE_1"
"FRV2-C-007","RQ-C","","INCLUDE","Eligible evidence for RQ-C; use remains limited to the ledger directness and stated claim boundary: Morning endurance and afternoon strength plus heavy-to-plyometric complex pairs improved several outcomes; AM-PM hours and reverse order were not tested.","AI_SCREEN_LANE_1"
"FRV2-C-010","RQ-C","","INCLUDE","Eligible evidence for RQ-C; use remains limited to the ledger directness and stated claim boundary: Speed endurance preceded heavy resistance in the same session while running volume was reduced; outcomes improved but reverse order was not tested.","AI_SCREEN_LANE_1"
"FRV2-C-011","RQ-C","","INCLUDE","Eligible evidence for RQ-C; use remains limited to the ledger directness and stated claim boundary: Hill component evidence showed no clearly superior program for 5 km performance and did not test placement relative to strength or plyometrics.","AI_SCREEN_LANE_1"
"FRV2-C-012","RQ-C","","INCLUDE","Eligible evidence for RQ-C; use remains limited to the ledger directness and stated claim boundary: Small run-versus-cycle HIIT trial; habitual-training placement was not standardized and cycling cannot be inferred to be equivalent or lower fatigue.","AI_SCREEN_LANE_1"
"FRV2-C-013","RQ-C","","INCLUDE","Eligible evidence for RQ-C; use remains limited to the ledger directness and stated claim boundary: Pooled VO2max and running-performance effects were null with wide intervals; modality equivalence recovery benefit and placement are unsupported.","AI_SCREEN_LANE_1"
"FRV2-C-015","RQ-C","","INCLUDE","Eligible evidence for RQ-C; use remains limited to the ledger directness and stated claim boundary: Maximal strength and hypertrophy were null overall while explosive strength showed a small same-session interference signal; adult subgroup bins are not youth thresholds.","AI_SCREEN_LANE_1"
"FRV2-C-016","RQ-C","","INCLUDE","Eligible evidence for RQ-C; use remains limited to the ledger directness and stated claim boundary: Resistance-before-endurance favored dynamic strength only; aerobic hypertrophy and static strength outcomes were null and do not support a universal order.","AI_SCREEN_LANE_1"
"FRV2-C-018","RQ-C","","INCLUDE","Eligible evidence for RQ-C; use remains limited to the ledger directness and stated claim boundary: Resistance always preceded aerobic work with 0 h 6 h or 24 h separation; one indirect team-sport trial cannot define a youth threshold.","AI_SCREEN_LANE_1"
"FRV2-C-019","RQ-C","","INCLUDE","Eligible evidence for RQ-C; use remains limited to the ledger directness and stated claim boundary: Immediate endurance-resistance order did not alter most adaptations; rehabilitation and detraining make transfer to trained youth runners very low.","AI_SCREEN_LANE_1"
"FRV2-C-020","RQ-C","","INCLUDE","Eligible evidence for RQ-C; use remains limited to the ledger directness and stated claim boundary: Historical interference synthesis with modality frequency and duration moderators; retained below the updated review and not usable as a youth calendar rule.","AI_SCREEN_LANE_1"
"FRV2-D-002","RQ-D","","INCLUDE","Eligible evidence for RQ-D; use remains limited to the ledger directness and stated claim boundary: Conceptual two-component framework; supports family identity but is not a validation study.","AI_SCREEN_LANE_1"
"FRV2-D-003","RQ-D","","INCLUDE","Eligible evidence for RQ-D; use remains limited to the ledger directness and stated claim boundary: Session-RPE related consistently to HR-based scores but absolute values differed; methods are not numerically interchangeable.","AI_SCREEN_LANE_1"
"FRV2-D-006","RQ-D","","INCLUDE","Eligible evidence for RQ-D; use remains limited to the ledger directness and stated claim boundary: CR10 and Borg 6-20 sRPE correlated r=.90 but produced different absolute values; scale ID and anchors must persist.","AI_SCREEN_LANE_1"
"FRV2-D-007","RQ-D","","INCLUDE","Eligible evidence for RQ-D; use remains limited to the ledger directness and stated claim boundary: Defines sRPE as an entire-session average internal response; does not validate allocation to session components.","AI_SCREEN_LANE_1"
"FRV2-D-008","RQ-D","","INCLUDE","Eligible evidence for RQ-D; use remains limited to the ledger directness and stated claim boundary: Individualized HR-lactate TRIMPi related to outcomes when group-average weighting did not; method identity and individual thresholds are required.","AI_SCREEN_LANE_1"
"FRV2-D-009","RQ-D","","INCLUDE","Eligible evidence for RQ-D; use remains limited to the ledger directness and stated claim boundary: sRPE TRIMP and biomechanical load correlations were weak to moderate across three session types; separate measures must not be summed as one currency.","AI_SCREEN_LANE_1"
"FRV2-D-010","RQ-D","","INCLUDE","Eligible evidence for RQ-D; use remains limited to the ledger directness and stated claim boundary: sRPE-TRIMP correlation varied from .811 in ergometer work to .258 in functional training; validity is modality-specific.","AI_SCREEN_LANE_1"
"FRV2-D-011","RQ-D","","INCLUDE","Eligible evidence for RQ-D; use remains limited to the ledger directness and stated claim boundary: Wearable HR error differed by device and activity and was about 30% higher during activity than rest; model and protocol provenance are required.","AI_SCREEN_LANE_1"
"FRV2-D-012","RQ-D","","INCLUDE","Eligible evidence for RQ-D; use remains limited to the ledger directness and stated claim boundary: Most devices measured some HR conditions adequately but no device estimated energy expenditure below 20% error; outcomes are non-equivalent.","AI_SCREEN_LANE_1"
"FRV2-D-013","RQ-D","","INCLUDE","Eligible evidence for RQ-D; use remains limited to the ledger directness and stated claim boundary: Distance MAPE ranged 3.2%-6.1% and error depended on environment activity and watch; brand-level validity flags are insufficient.","AI_SCREEN_LANE_1"
"FRV2-D-014","RQ-D","","INCLUDE","Eligible evidence for RQ-D; use remains limited to the ledger directness and stated claim boundary: Validity varied by outcome and model; only four studies assessed reliability and distance energy HR evidence was limited or variable.","AI_SCREEN_LANE_1"
"FRV2-D-015","RQ-D","","INCLUDE","Eligible evidence for RQ-D; use remains limited to the ledger directness and stated claim boundary: Context-aware imputation outperformed simple methods in some analyses; imputed derivatives must remain separate from canonical observations.","AI_SCREEN_LANE_1"
"FRV2-D-016","RQ-D","","INCLUDE","Eligible evidence for RQ-D; use remains limited to the ledger directness and stated claim boundary: Real-world missingness may violate missing-completely-at-random and bias dashboards; coverage and reasons must be visible.","AI_SCREEN_LANE_1"
"FRV2-D-017","RQ-D","","INCLUDE","Eligible evidence for RQ-D; use remains limited to the ledger directness and stated claim boundary: Official W3C standard models entities activities agents derivation attribution revision and time; it is not sport-effect evidence.","AI_SCREEN_LANE_1"
"FRV2-D-019","RQ-D","","INCLUDE","Eligible evidence for RQ-D; use remains limited to the ledger directness and stated claim boundary: Coupling produced r=.52 despite independent weeks versus r=.01 when uncoupled; coupling method must be explicit.","AI_SCREEN_LANE_1"
"FRV2-D-020","RQ-D","","INCLUDE","Eligible evidence for RQ-D; use remains limited to the ledger directness and stated claim boundary: Counterevidence found mostly trivial coupled-versus-uncoupled effects in two datasets; no coupling variant is universally privileged.","AI_SCREEN_LANE_1"
"FRV2-D-021","RQ-D","","INCLUDE","Eligible evidence for RQ-D; use remains limited to the ledger directness and stated claim boundary: Affirmative ACWR sweet-spot rationale retained as counterevidence history only; zones are not product rules.","AI_SCREEN_LANE_1"
"FRV2-D-023","RQ-D","","INCLUDE","Eligible evidence for RQ-D; use remains limited to the ledger directness and stated claim boundary: Tested coupled 7:28 ACWR management and found no health-problem benefit; used only to deny ACWR plan authority.","AI_SCREEN_LANE_1"
"FRV2-D-024","RQ-D","","INCLUDE","Eligible evidence for RQ-D; use remains limited to the ledger directness and stated claim boundary: Across 22839 GPS sessions flag rates differed materially by weekly coupled uncoupled and EWMA methods; all calculation choices require provenance.","AI_SCREEN_LANE_1"
"FRV2-E-001","RQ-E","","INCLUDE","Eligible evidence for RQ-E; use remains limited to the ledger directness and stated claim boundary: Separates bias and random error; CV SEM and limits of agreement require protocol-specific scale assumptions; supports error-aware level-3 claims only.","AI_SCREEN_LANE_1"
"FRV2-E-003","RQ-E","","INCLUDE","Eligible evidence for RQ-E; use remains limited to the ledger directness and stated claim boundary: ICC model and SEM calculation provenance are required; MDC confidence level must be explicit.","AI_SCREEN_LANE_1"
"FRV2-E-004","RQ-E","","INCLUDE","Eligible evidence for RQ-E; use remains limited to the ledger directness and stated claim boundary: Validity reliability and sensitivity are separate; a reliable proxy cannot support a claim if it does not represent the target construct.","AI_SCREEN_LANE_1"
"FRV2-E-006","RQ-E","","INCLUDE","Eligible evidence for RQ-E; use remains limited to the ledger directness and stated claim boundary: Combines typical error confidence intervals and SWC; error exceedance and worthwhile magnitude remain distinct and noncausal.","AI_SCREEN_LANE_1"
"FRV2-E-007","RQ-E","","INCLUDE","Eligible evidence for RQ-E; use remains limited to the ledger directness and stated claim boundary: Measurement error and within-subject efficacy variation confound responder labels; stable personal response requires replicated interventions or contrasts.","AI_SCREEN_LANE_1"
"FRV2-E-008","RQ-E","","INCLUDE","Eligible evidence for RQ-E; use remains limited to the ledger directness and stated claim boundary: Response rates inflate when classification ignores error and SWC or MCID; heterogeneous reviewed outcomes prevent universal thresholds.","AI_SCREEN_LANE_1"
"FRV2-E-009","RQ-E","","INCLUDE","Eligible evidence for RQ-E; use remains limited to the ledger directness and stated claim boundary: Methodological opposition to naive personalization; observed between-person spread does not prove repeatable personal treatment response.","AI_SCREEN_LANE_1"
"FRV2-E-010","RQ-E","","INCLUDE","Eligible evidence for RQ-E; use remains limited to the ledger directness and stated claim boundary: MBI reduced-sample claims are not justified; use transparent intervals or a fully specified Bayesian model while separately justifying important effects.","AI_SCREEN_LANE_1"
"FRV2-E-011","RQ-E","","INCLUDE","Eligible evidence for RQ-E; use remains limited to the ledger directness and stated claim boundary: MBI can inflate type-I error at small samples; a likely-worthwhile label cannot substitute for a valid uncertainty model.","AI_SCREEN_LANE_1"
"FRV2-E-013","RQ-E","","INCLUDE","Eligible evidence for RQ-E; use remains limited to the ledger directness and stated claim boundary: Period length and washout are intervention-specific; training carryover may be the intended adaptation and cannot be replaced by a universal period rule.","AI_SCREEN_LANE_1"
"FRV2-E-014","RQ-E","","INCLUDE","Eligible evidence for RQ-E; use remains limited to the ledger directness and stated claim boundary: Requires phase outcome fidelity analysis and deviation reporting; checklist completion is not causal validity or a safety gate.","AI_SCREEN_LANE_1"
"FRV2-E-015","RQ-E","","INCLUDE","Eligible evidence for RQ-E; use remains limited to the ledger directness and stated claim boundary: WWC phase-point rules are design-specific evidence-review standards and must not become a universal athlete baseline n or freshness threshold.","AI_SCREEN_LANE_1"
"FRV2-E-016","RQ-E","","INCLUDE","Eligible evidence for RQ-E; use remains limited to the ledger directness and stated claim boundary: Challenges rigid baseline-stability waiting under specified simulations but does not permit ignoring trend or using a universal short baseline.","AI_SCREEN_LANE_1"
"FRV2-E-017","RQ-E","","INCLUDE","Eligible evidence for RQ-E; use remains limited to the ledger directness and stated claim boundary: Ordinary independent t-tests can misstate repeated-series inference; serial structure must be specified and very few observations remain unsafe for inference.","AI_SCREEN_LANE_1"
"FRV2-E-018","RQ-E","","INCLUDE","Eligible evidence for RQ-E; use remains limited to the ledger directness and stated claim boundary: SCED quality cannot be reduced to point count; measurement replication trend and analysis are separate gates and analytic disagreement remains.","AI_SCREEN_LANE_1"
"FRV2-E-019","RQ-E","","INCLUDE","Eligible evidence for RQ-E; use remains limited to the ledger directness and stated claim boundary: Randomize start or order where feasible and analyze the actual assignment scheme; randomization does not fix poor measurement carryover or missingness.","AI_SCREEN_LANE_1"
"FRV2-E-021","RQ-E","","INCLUDE","Eligible evidence for RQ-E; use remains limited to the ledger directness and stated claim boundary: No single definitive fatigue marker exists; mixed markers require individualized contextual interpretation and cannot diagnose or clear training.","AI_SCREEN_LANE_1"
"FRV2-E-022","RQ-E","","INCLUDE","Eligible evidence for RQ-E; use remains limited to the ledger directness and stated claim boundary: Subjective and objective measures often disagree; preserve streams and provenance rather than fusing them into a causal readiness or safety score.","AI_SCREEN_LANE_1"
"FRV2-E-023","RQ-E","","INCLUDE","Eligible evidence for RQ-E; use remains limited to the ledger directness and stated claim boundary: Reviews AB reversal multiple-baseline and alternating-treatment designs for elite conditioning; serial dependency and applied design constraints remain.","AI_SCREEN_LANE_1"
"FRV2-F-001","RQ-F","","INCLUDE","Eligible evidence for RQ-F; use remains limited to the ledger directness and stated claim boundary: Burden completion clarity and feedback are measurable; no automated-plan validation. owner_target=9_5_DAY_AUTOMATED_PRESCRIPTION; feasibility_only=true; efficacy_safety_causality=false","AI_SCREEN_LANE_1"
"FRV2-F-002","RQ-F","","INCLUDE","Eligible evidence for RQ-F; use remains limited to the ledger directness and stated claim boundary: Separate adherence missingness withdrawal and technical failure; no physiological or safety inference","AI_SCREEN_LANE_1"
"FRV2-F-003","RQ-F","","INCLUDE","Eligible evidence for RQ-F; use remains limited to the ledger directness and stated claim boundary: Technical friction and feedback specificity matter; non-athlete indirectness retained","AI_SCREEN_LANE_1"
"FRV2-F-004","RQ-F","","INCLUDE","Eligible evidence for RQ-F; use remains limited to the ledger directness and stated claim boundary: Measure burden comprehension usefulness and completion separately; acceptability is not efficacy","AI_SCREEN_LANE_1"
"FRV2-F-005","RQ-F","","INCLUDE","Eligible evidence for RQ-F; use remains limited to the ledger directness and stated claim boundary: Ease did not equal sustained completion; log component dropout and notification burden","AI_SCREEN_LANE_1"
"FRV2-F-006","RQ-F","","INCLUDE","Eligible evidence for RQ-F; use remains limited to the ledger directness and stated claim boundary: Adult indirect evidence for clear definitions routine fit feedback and data control","AI_SCREEN_LANE_1"
"FRV2-F-007","RQ-F","","INCLUDE","Eligible evidence for RQ-F; use remains limited to the ledger directness and stated claim boundary: Online system complements rather than replaces coach communication; no prevention claim","AI_SCREEN_LANE_1"
"FRV2-F-008","RQ-F","","INCLUDE","Eligible evidence for RQ-F; use remains limited to the ledger directness and stated claim boundary: Test acceptability implementation practicality and integration; exclude limited efficacy","AI_SCREEN_LANE_1"
"FRV2-F-009","RQ-F","","INCLUDE","Eligible evidence for RQ-F; use remains limited to the ledger directness and stated claim boundary: Pilot rehearses intended process; progression is not product efficacy safety or identity","AI_SCREEN_LANE_1"
"FRV2-F-010","RQ-F","","INCLUDE","Eligible evidence for RQ-F; use remains limited to the ledger directness and stated claim boundary: Display reasons missingness uncertainty and human authority; exposure is not comprehension","AI_SCREEN_LANE_1"
"FRV2-F-011","RQ-F","","INCLUDE","Eligible evidence for RQ-F; use remains limited to the ledger directness and stated claim boundary: Version system and log workflow roles errors and deviations; coach remains authoritative","AI_SCREEN_LANE_1"
"FRV2-F-012","RQ-F","","INCLUDE","Eligible evidence for RQ-F; use remains limited to the ledger directness and stated claim boundary: Borrow parallel logging but reject concealment; label participant-visible parallel comparison","AI_SCREEN_LANE_1"
"FRV2-F-013","RQ-F","","INCLUDE","Eligible evidence for RQ-F; use remains limited to the ledger directness and stated claim boundary: Local ethics and law control; ongoing assent and withdrawal; no recruitment authority","AI_SCREEN_LANE_1"
"FRV2-F-014","RQ-F","","INCLUDE","Eligible evidence for RQ-F; use remains limited to the ledger directness and stated claim boundary: UK-specific; test comprehension and respect withdrawal; local review required","AI_SCREEN_LANE_1"
"FRV2-F-015","RQ-F","","INCLUDE","Eligible evidence for RQ-F; use remains limited to the ledger directness and stated claim boundary: RQ-F is not SCED; carryover makes ABAB unsuitable for cumulative training effects","AI_SCREEN_LANE_1"
"FRV2-F-016","RQ-F","","INCLUDE","Eligible evidence for RQ-F; use remains limited to the ledger directness and stated claim boundary: Borrow completion stop process-event and fidelity fields; no causal claim","AI_SCREEN_LANE_1"
"FRV2-G-002","RQ-G","","INCLUDE","Eligible evidence for RQ-G; use remains limited to the ledger directness and stated claim boundary: Pain and overuse concern require clinician review; no product diagnosis or treatment","AI_SCREEN_LANE_1"
"FRV2-G-006","RQ-G","","INCLUDE","Eligible evidence for RQ-G; use remains limited to the ledger directness and stated claim boundary: Sex-specific evidence retained; no sex-based product score or restriction","AI_SCREEN_LANE_1"
"FRV2-G-007","RQ-G","","INCLUDE","Eligible evidence for RQ-G; use remains limited to the ledger directness and stated claim boundary: Clinical thresholds and return-to-play categories are not product automation inputs","AI_SCREEN_LANE_1"
"FRV2-G-008","RQ-G","","INCLUDE","Eligible evidence for RQ-G; use remains limited to the ledger directness and stated claim boundary: Male sex is not protective; multidisciplinary medical assessment required","AI_SCREEN_LANE_1"
"FRV2-G-009","RQ-G","","INCLUDE","Eligible evidence for RQ-G; use remains limited to the ledger directness and stated claim boundary: General sleep-duration guidance is not athlete readiness or injury clearance","AI_SCREEN_LANE_1"
"FRV2-G-010","RQ-G","","INCLUDE","Eligible evidence for RQ-G; use remains limited to the ledger directness and stated claim boundary: Youth directness low; illness and return-to-sport assessment remain clinician functions","AI_SCREEN_LANE_1"
"FRV2-G-011","RQ-G","","INCLUDE","Eligible evidence for RQ-G; use remains limited to the ledger directness and stated claim boundary: Under-12 athletes outside scope; product cannot substitute for team physician","AI_SCREEN_LANE_1"
"FRV2-G-012","RQ-G","","INCLUDE","Eligible evidence for RQ-G; use remains limited to the ledger directness and stated claim boundary: Concern content routes outside planner to named trained safeguarding human","AI_SCREEN_LANE_1"
"FRV2-G-013","RQ-G","","INCLUDE","Eligible evidence for RQ-G; use remains limited to the ledger directness and stated claim boundary: Organizational standard with jurisdiction-specific implementation and reporting duties","AI_SCREEN_LANE_1"
"FRV2-G-014","RQ-G","","INCLUDE","Eligible evidence for RQ-G; use remains limited to the ledger directness and stated claim boundary: Heterogeneous methods; female athletes and sport diversity underrepresented","AI_SCREEN_LANE_1"
"FRV2-G-015","RQ-G","","INCLUDE","Eligible evidence for RQ-G; use remains limited to the ledger directness and stated claim boundary: Small single-academy association study; IRRs are not individual risk scores","AI_SCREEN_LANE_1"
"FRV2-G-016","RQ-G","","INCLUDE","Eligible evidence for RQ-G; use remains limited to the ledger directness and stated claim boundary: Low event counts; sex BMI and menarche findings must not become automated thresholds","AI_SCREEN_LANE_1"
"FRV2-G-017","RQ-G","","INCLUDE","Eligible evidence for RQ-G; use remains limited to the ledger directness and stated claim boundary: Training sleep and specialization evidence low certainty; no automated risk prediction","AI_SCREEN_LANE_1"
"FRV2-G-018","RQ-G","","INCLUDE","Eligible evidence for RQ-G; use remains limited to the ledger directness and stated claim boundary: Heterogeneous incidence and recurrence ranges are not individual probabilities","AI_SCREEN_LANE_1"
"FRV2-G-019","RQ-G","","INCLUDE","Eligible evidence for RQ-G; use remains limited to the ledger directness and stated claim boundary: Case-report dominant; symptoms require human assessment and imaging is not inferred","AI_SCREEN_LANE_1"
"FRV2-G-020","RQ-G","","INCLUDE","Eligible evidence for RQ-G; use remains limited to the ledger directness and stated claim boundary: Chronic association observed; acute evidence conflicting and not a readiness rule","AI_SCREEN_LANE_1"
"FRV2-G-021","RQ-G","","INCLUDE","Eligible evidence for RQ-G; use remains limited to the ledger directness and stated claim boundary: Diagnosis and treatment remain clinical; product collects only explicit pain or limitation","AI_SCREEN_LANE_1"
"FRV2-G-022","RQ-G","","INCLUDE","Eligible evidence for RQ-G; use remains limited to the ledger directness and stated claim boundary: Opposing conceptual evidence; supports referral rather than automated model allegiance","AI_SCREEN_LANE_1"
"SRC-DOI-10.1136-BMJ.H1793","RQ-E","RQ-F","INCLUDE","Eligible evidence for RQ-E; use remains limited to the ledger directness and stated claim boundary: `GUIDANCE_OK`: supports preregistered periods/order/change/attrition reporting; carryover and irreversibility remain design constraints.","AI_SCREEN_LANE_1"
"SRC-PMID-10907753","RQ-E","RQ-D","INCLUDE","Eligible evidence for RQ-E; use remains limited to the ledger directness and stated claim boundary: `CORRECT`: supports typical error/within-subject reliability and cautions against treating correlation as agreement. | Typical-error framework; study-level reliability sample guidance is not a universal within-athlete baseline count.","AI_SCREEN_LANE_1"
"SRC-PMID-12741870","RQ-C","","INCLUDE","Eligible evidence for RQ-C; use remains limited to the ledger directness and stated claim boundary: `CORRECT`: estimated VO2max maintained but 3000 m slowed more in cross-training group; small off-season sample.","AI_SCREEN_LANE_1"
"SRC-PMID-17149987","RQ-C","","INCLUDE","Eligible evidence for RQ-C; use remains limited to the ledger directness and stated claim boundary: `CORRECT`: economy improved only at 18 km/h; no VO2max change; not microcycle evidence.","AI_SCREEN_LANE_1"
"SRC-PMID-20386477","RQ-B","RQ-C","INCLUDE","Eligible evidence for RQ-B; use remains limited to the ledger directness and stated claim boundary: `CORRECT`: jump performance fell up to 72 h while strength did not; outcome-specific, unfamiliar-protocol transfer only. | Indirect; intense plyometric bout; post 24 h 48 h 72 h 96 h 120 h; participant details limited in abstract.","AI_SCREEN_LANE_1"
"SRC-PMID-23134196","RQ-A","","INCLUDE","Eligible evidence for RQ-A; use remains limited to the ledger directness and stated claim boundary: `CORRECT`: small n=15 study favored BP on some indices; not 9.5-day running evidence.","AI_SCREEN_LANE_1"
"SRC-PMID-23838975","RQ-C","","INCLUDE","Eligible evidence for RQ-C; use remains limited to the ledger directness and stated claim boundary: `CORRECT`: 2.4 km, sprint and jump outcomes improved; supports component inclusion, not Formation timing. | Six weeks of added plyometrics improved 2.4 km sprint and jump outcomes; shared-day placement was not verified.","AI_SCREEN_LANE_1"
"SRC-PMID-25976398","RQ-E","RQ-F","INCLUDE","Eligible evidence for RQ-E; use remains limited to the ledger directness and stated claim boundary: `GUIDANCE_OK_WITH_CORRECTION`: useful reporting structure; not proof that ABAB/crossover is valid for cumulative training adaptations. | Official PubMed record links an erratum; reporting completeness does not establish design sufficiency safety or sport transfer.","AI_SCREEN_LANE_1"
"SRC-PMID-26084524","RQ-G","RQ-C;RQ-F","INCLUDE","Eligible evidence for RQ-G; use remains limited to the ledger directness and stated claim boundary: `CORRECT`: supports nonlinear development, health and sustainable participation boundaries; no Formation efficacy. | Broad healthy inclusive sustainable participation and safeguarding boundary","AI_SCREEN_LANE_1"
"SRC-PMID-27300278","RQ-A","","INCLUDE","Eligible evidence for RQ-A; use remains limited to the ledger directness and stated claim boundary: `CORRECT`: load-matched increasing/decreasing/mixed order showed no between-group adaptation difference.","AI_SCREEN_LANE_1"
"SRC-PMID-28054257","RQ-E","","INCLUDE","Eligible evidence for RQ-E; use remains limited to the ledger directness and stated claim boundary: `CORRECT`: reliability, validity, responsiveness and feasibility are separate; not a readiness threshold. | Taxonomy covers validity reliability responsiveness interpretability and feasibility; consensus does not validate a specific metric or set a universal n.","AI_SCREEN_LANE_1"
"SRC-PMID-28463642","RQ-D","RQ-E","INCLUDE","Eligible evidence for RQ-D; use remains limited to the ledger directness and stated claim boundary: `CORRECT`: internal/external load separation and multifactorial monitoring are supported; no readiness/safety authority. | Expert framework supports separate internal and external load taxonomy; no youth middle-distance validation or universal total. | Supports valid reliable consistent and contextual longitudinal monitoring; associations do not establish injury causation safety or a universal history.","AI_SCREEN_LANE_1"
"SRC-PMID-29163016","RQ-D","","INCLUDE","Eligible evidence for RQ-D; use remains limited to the ledger directness and stated claim boundary: `CORRECT`: supports named sRPE protocol/limitations; it does not make arbitrary load methods interchangeable or a fatigue score. | Review identified 36 modified-CR10 validation and reliability studies; heterogeneity limits direct youth runner transfer.","AI_SCREEN_LANE_1"
"SRC-PMID-29712629","RQ-D","RQ-E","INCLUDE","Eligible evidence for RQ-D; use remains limited to the ledger directness and stated claim boundary: `CORRECT`: device error/validity must precede change interpretation; device-specific transfer required.","AI_SCREEN_LANE_1"
"SRC-PMID-30131714","RQ-C","RQ-F;RQ-G","INCLUDE","Eligible evidence for RQ-C; use remains limited to the ledger directness and stated claim boundary: `CORRECT`: concurrent training was not universally harmful; heterogeneity blocks exact Formation sequencing. | Small athletic-performance effect but null cardiorespiratory and economy effects; sequence and separation were not meta-analyzed.","AI_SCREEN_LANE_1"
"SRC-PMID-30160557","RQ-D","RQ-F","INCLUDE","Eligible evidence for RQ-D; use remains limited to the ledger directness and stated claim boundary: `CORRECT`: timing materially changed values; protocol/timestamp must remain visible. | Direct timing evidence: 30-minute sRPE was 26.5% lower than immediate sRPE; timing is part of method identity.","AI_SCREEN_LANE_1"
"SRC-PMID-31024338","RQ-A","","INCLUDE","Eligible evidence for RQ-A; use remains limited to the ledger directness and stated claim boundary: `CORRECT`: successful 7-11-day HIT blocks are descriptive n=1 history, not causal or youth-running evidence.","AI_SCREEN_LANE_1"
"SRC-PMID-31802956","RQ-A","","INCLUDE","Eligible evidence for RQ-A; use remains limited to the ledger directness and stated claim boundary: `CORRECT`: small favorable VO2max/Wmax effects with low-quality small studies; no 9/9.5/10-day superiority. | Twenty eligible records and six pooled studies; small low-quality heterogeneous evidence; no 7-day versus nonweekly comparison. owner_target=9_5_DAY_AUTOMATED_PRESCRIPTION; runtime_authority=false","AI_SCREEN_LANE_1"
"SRC-PMID-31820260","RQ-B","RQ-D","INCLUDE","Eligible evidence for RQ-B; use remains limited to the ledger directness and stated claim boundary: `CORRECT`: external load alone poorly predicts all residual-fatigue outcomes; indirect to running and not a universal 72 h rule. | Indirect review; 11 studies n=165; external load associations mainly at acute and 24 h not 48-72 h.","AI_SCREEN_LANE_1"
"SRC-PMID-32407361","RQ-C","","INCLUDE","Eligible evidence for RQ-C; use remains limited to the ledger directness and stated claim boundary: `CORRECT`: order affected some power indices, not strength/lean mass/aerobic fitness; no universal ordering rule. | Cycling HIIT and resistance were separated about 3 h; broad adaptation was similar but explosive outcomes varied by order.","AI_SCREEN_LANE_1"
"SRC-PMID-32502973","RQ-D","","INCLUDE","Eligible evidence for RQ-D; use remains limited to the ledger directness and stated claim boundary: `CORRECT`: supports prohibition on causal injury-prevention/readiness use of ACWR. | Identifies ratio artifacts ambiguity and causal overinterpretation; supports descriptive method labeling and prohibits risk or action zones.","AI_SCREEN_LANE_1"
"SRC-PMID-32991706","RQ-D","","INCLUDE","Eligible evidence for RQ-D; use remains limited to the ledger directness and stated claim boundary: `CORRECT`: inconsistent load relationships and weak measurement-property evidence prohibit a single fatigue score.","AI_SCREEN_LANE_1"
"SRC-PMID-33122252","RQ-G","RQ-F","INCLUDE","Eligible evidence for RQ-G; use remains limited to the ledger directness and stated claim boundary: `CORRECT`: explicitly notes evidence gaps and opinion-based distance guidance; supports protection, not causal thresholds. | Core direct youth-runner boundary; no validated age-distance or clearance rule","AI_SCREEN_LANE_1"
"SRC-PMID-33751469","RQ-C","","INCLUDE","Eligible evidence for RQ-C; use remains limited to the ledger directness and stated claim boundary: `CORRECT`: same-session interference for some lower-body strength contexts is conditional on training status and design. | Trained adults showed lower strength development in same-session concurrent studies; study-defined under-20-min and over-2-h bins are not validated thresholds.","AI_SCREEN_LANE_1"
"SRC-PMID-34021488","RQ-A","RQ-F;RQ-G","INCLUDE","Eligible evidence for RQ-A; use remains limited to the ledger directness and stated claim boundary: `CORRECT`: supports separating 800 and 1500 demands; not direct evidence for adolescent 9.5-day safety/efficacy.","AI_SCREEN_LANE_1"
"SRC-PMID-34052983","RQ-D","RQ-G","INCLUDE","Eligible evidence for RQ-D; use remains limited to the ledger directness and stated claim boundary: `CORRECT`: an observational association study cannot validate a universal safe zone or causal threshold. | Higher ACWR associated inversely with injury and EWMA results were sparse; association is not a causal or product risk rule.","AI_SCREEN_LANE_1"
"SRC-PMID-34062089","RQ-A","RQ-C","INCLUDE","Eligible evidence for RQ-A; use remains limited to the ledger directness and stated claim boundary: `CORRECT`: supports lower volume plus retained/increased intensity in this tiny crossover; not a 9.5-day taper rule.","AI_SCREEN_LANE_1"
"SRC-PMID-34250468","RQ-F","RQ-G","INCLUDE","Eligible evidence for RQ-F; use remains limited to the ledger directness and stated claim boundary: `CORRECT`: injury frequency/practice description only; cannot generate safe-load or causal injury thresholds.","AI_SCREEN_LANE_1"
"SRC-PMID-34296839","RQ-B","RQ-C","INCLUDE","Eligible evidence for RQ-B; use remains limited to the ledger directness and stated claim boundary: `CORRECT`: selected jumps/sprint remained impaired at 48 h; small other-sport sample and unfamiliarity matter. | Indirect; n=9; combined session; performance soreness and CK at 24 h and 48 h.","AI_SCREEN_LANE_1"
"SRC-PMID-34749417","RQ-A","","INCLUDE","Eligible evidence for RQ-A; use remains limited to the ledger directness and stated claim boundary: `CORRECT`: classification method changes apparent TID; no exact session-spacing conclusion. | Twenty articles; materially heterogeneous intensity-distribution classifications; no microcycle-length comparison. owner_target=9_5_DAY_AUTOMATED_PRESCRIPTION; runtime_authority=false","AI_SCREEN_LANE_1"
"SRC-PMID-34767655","RQ-C","","INCLUDE","Eligible evidence for RQ-C; use remains limited to the ledger directness and stated claim boundary: `CORRECT`: 2 km performance improved; biomechanics mostly unchanged; not youth or same-day ordering evidence. | Concurrent training improved 2 km time and time to exhaustion; strength dose sequence and separation were unavailable in the abstract.","AI_SCREEN_LANE_1"
"SRC-PMID-35299664","RQ-A","","INCLUDE","Eligible evidence for RQ-A; use remains limited to the ledger directness and stated claim boundary: `CORRECT`: both improved and no time-trial/performance difference; counters universal BP superiority.","AI_SCREEN_LANE_1"
"SRC-PMID-35418513","RQ-A","","INCLUDE","Eligible evidence for RQ-A; use remains limited to the ledger directness and stated claim boundary: `CORRECT`: describes elite practice and hard/easy structures; does not compare adolescent 7 vs 9.5 vs 10 days. | Ten included articles; hard-day/easy-day periodization is indirect only; no direct cycle-length comparison. owner_target=9_5_DAY_AUTOMATED_PRESCRIPTION; runtime_authority=false","AI_SCREEN_LANE_1"
"SRC-PMID-35721873","RQ-B","","INCLUDE","Eligible evidence for RQ-B; use remains limited to the ledger directness and stated claim boundary: `CORRECT`: most selected measures were near baseline at 24 h but some changes remained; never a complete-recovery guarantee. | Runner direct but adult masters; six 800-m intervals; gait force and neuromuscular outcomes at post and 24 h.","AI_SCREEN_LANE_1"
"SRC-PMID-36086887","RQ-B","","EXCLUDE","Wrong source identity: this PMID is a front-crawl biomechanics study and is irrelevant to running recovery; the intended PMID is a different record.","AI_SCREEN_LANE_1"
"SRC-PMID-36370207","RQ-C","","INCLUDE","Eligible evidence for RQ-C; use remains limited to the ledger directness and stated claim boundary: `CORRECT`: compares component methods; no Formation interval evidence.","AI_SCREEN_LANE_1"
"SRC-PMID-37285051","RQ-B","","INCLUDE","Eligible evidence for RQ-B; use remains limited to the ledger directness and stated claim boundary: `QUALIFY`: selected measured functions recovered by 24 h; title/result cannot be generalized to whole-person recovery. | Indirect cycling; title wording retained only as bibliographic identity; selected 24 h and 48 h markers cannot establish complete recovery.","AI_SCREEN_LANE_1"
"SRC-PMID-37435592","RQ-C","RQ-F;RQ-G","INCLUDE","Eligible evidence for RQ-C; use remains limited to the ledger directness and stated claim boundary: `QUALIFY`: HIIT group improved 800 m/selected markers more; small male sample and biomarker changes do not establish recovery or safety.","AI_SCREEN_LANE_1"
"SRC-PMID-37752011","RQ-G","","INCLUDE","Eligible evidence for RQ-G; use remains limited to the ledger directness and stated claim boundary: `CORRECT_WITH_CORRECTION`: supports separate clinical expert boundary for energy availability/health; product must not diagnose REDs. | Correction-aware extraction; CAT2 is clinician-facing and must not be automated","AI_SCREEN_LANE_1"
"SRC-PMID-37776346","RQ-B","","INCLUDE","Eligible evidence for RQ-B; use remains limited to the ledger directness and stated claim boundary: `CORRECT_BUT_BAD_LINK`: 20% body-mass resisted sprints impaired selected sprint/EIMD measures through 72 h; not a universal interval or runner-youth rule. | Sprint-trained adult indirect; unresisted versus 10% and 20% body-mass resisted sprints; 24 h 48 h 72 h.","AI_SCREEN_LANE_1"
"SRC-PMID-38627351","RQ-C","","INCLUDE","Eligible evidence for RQ-C; use remains limited to the ledger directness and stated claim boundary: `CORRECT`: high-load/combined methods improved performance with very-low-to-moderate certainty; no Formation placement rule. | High-load and combined strength methods improved running performance but endurance-strength order and separation were not meta-analyzed.","AI_SCREEN_LANE_1"
"SRC-PMID-38662890","RQ-E","","INCLUDE","Eligible evidence for RQ-E; use remains limited to the ledger directness and stated claim boundary: `CORRECT`: distinguishes CV/SEM/SWC and individual change; supplies no universal minimum n. | Compares model statistic SWC CV and SEM in a narrow example; five sessions biweekly cadence and CV preference are not universal defaults.","AI_SCREEN_LANE_1"
"SRC-PMID-39197945","RQ-G","RQ-F","INCLUDE","Eligible evidence for RQ-G; use remains limited to the ledger directness and stated claim boundary: `CORRECT`: supports athlete-centred safeguards and asynchronous development; no automatic prescription authority. | Recent competition is context only and never recovery or readiness evidence","AI_SCREEN_LANE_1"
"SRC-PMID-39888556","RQ-A","","INCLUDE","Eligible evidence for RQ-A; use remains limited to the ledger directness and stated claim boundary: `CORRECT`: comparative average TID effects do not select a 9.5-day calendar or recovery interval. | No statistically significant polarized-versus-pyramidal difference in the abstract; not a cycle-length comparison. owner_target=9_5_DAY_AUTOMATED_PRESCRIPTION; runtime_authority=false","AI_SCREEN_LANE_1"
"SRC-PMID-40016936","RQ-C","","INCLUDE","Eligible evidence for RQ-C; use remains limited to the ledger directness and stated claim boundary: `CORRECT`: supports selected fatigued-state/economy outcomes, not a validated “neural fatigue” measure.","AI_SCREEN_LANE_1"
"SRC-PMID-40566441","RQ-E","RQ-F","INCLUDE","Eligible evidence for RQ-E; use remains limited to the ledger directness and stated claim boundary: `CORRECT`: demonstrates a sport SCED application and its generalization limits; not evidence for Formation efficacy. | Nonconcurrent multiple-baseline sport application shows individual paths; its phase durations are application details not universal n freshness efficacy or safety evidence.","AI_SCREEN_LANE_1"
"SRC-PMID-40596578","RQ-C","","INCLUDE","Eligible evidence for RQ-C; use remains limited to the ledger directness and stated claim boundary: `QUALIFY`: supports uphill-training performance adaptations in its sample; does not isolate neural-fatigue resistance or a Formation slot.","AI_SCREEN_LANE_1"
"SRC-PMID-41048235","RQ-B","RQ-F;RQ-G","INCLUDE","Eligible evidence for RQ-B; use remains limited to the ledger directness and stated claim boundary: `CORRECT`: IMTP peak force remained lower at 72 h, including a control-condition training effect; indirect to middle-distance running. | Youth/young-adult indirect; IMTP force at 48 h and 72 h; intervening MD+2 load prevents match-only inference.","AI_SCREEN_LANE_1"
"SRC-PMID-41312139","RQ-C","RQ-F;RQ-G","INCLUDE","Eligible evidence for RQ-C; use remains limited to the ledger directness and stated claim boundary: `CORRECT`: running economy/power outcomes favored complex training; male-only, no safety or 9.5-day inference. | Heavy resistance preceded matched plyometrics with 3-4 min recovery; endurance placement was not reported; no universal sequence inference.","AI_SCREEN_LANE_1"
"SRC-PMID-7649149","RQ-C","","INCLUDE","Eligible evidence for RQ-C; use remains limited to the ledger directness and stated claim boundary: `CORRECT`: aerobic transfer exists but mode-specific adaptation is greater; no recovery-equivalence claim.","AI_SCREEN_LANE_1"
"SRC-WEB-COCHRANE-HB-CH14","RQ-E","RQ-A;RQ-B;RQ-C;RQ-D;RQ-F;RQ-G","INCLUDE","Eligible evidence for RQ-E; use remains limited to the ledger directness and stated claim boundary: `GUIDANCE_OK`: GRADE domains are appropriate scaffolding; population/intervention directness for adolescent middle-distance runners must be added explicitly.","AI_SCREEN_LANE_1"
"SRC-WEB-HHS-HIPAA-DEID","RQ-D","RQ-G","INCLUDE","Eligible evidence for RQ-D; use remains limited to the ledger directness and stated claim boundary: `GUIDANCE_OK`: supports Expert Determination/Safe Harbor and residual re-identification risk; it is not a universal global privacy rule.","AI_SCREEN_LANE_1"
"SRC-WEB-PRISMA-2020","RQ-F","","INCLUDE","Eligible evidence for RQ-F; use remains limited to the ledger directness and stated claim boundary: `GUIDANCE_OK`: appropriate for transparent search/exclusion reporting; does not itself appraise sports evidence.","AI_SCREEN_LANE_1"
