source_id,primary_rq,secondary_rqs,lane_1_decision,lane_1_reason,lane_2_decision,lane_2_reason,adjudication,adjudication_reason,human_confirmation,full_text_eligibility
FRV2-A-005,RQ-A,,INCLUDE,Eligible evidence for RQ-A; use remains limited to the ledger directness and stated claim boundary: No audited study tested varied nonperiodized comparators or accuracy of adaptation-timing predictions; running transfer is indirect. owner_target=9_5_DAY_AUTOMATED_PRESCRIPTION; runtime_authority=false,INCLUDE,Indirect periodization-method critique; use only against whole-architecture and superiority inference,INCLUDE,AI lanes agree; human-trained confirmation remains required,PENDING_HUMAN,ELIGIBLE_FULL_TEXT
FRV2-A-006,RQ-A,,INCLUDE,"Eligible evidence for RQ-A; use remains limited to the ledger directness and stated claim boundary: Perceptions support revisable planning indirectly; no running subgroup, cycle prevalence, or outcome efficacy. owner_target=9_5_DAY_AUTOMATED_PRESCRIPTION; runtime_authority=false",INCLUDE,Broad coach survey supports revisable planning concepts only; no running cycle prevalence or efficacy claim,INCLUDE,AI lanes agree; human-trained confirmation remains required,PENDING_HUMAN,ELIGIBLE_FULL_TEXT
FRV2-A-007,RQ-A,,INCLUDE,Eligible evidence for RQ-A; use remains limited to the ledger directness and stated claim boundary: Weekly organization remained explicit and pragmatic adjustments were reported; middle-distance events under six minutes were excluded. owner_target=9_5_DAY_AUTOMATED_PRESCRIPTION; runtime_authority=false,INCLUDE,Indirect elite-endurance practice description and weekly countercontext; middle-distance under six minutes excluded,INCLUDE,AI lanes agree; human-trained confirmation remains required,PENDING_HUMAN,ELIGIBLE_FULL_TEXT
FRV2-A-008,RQ-A,,INCLUDE,Eligible evidence for RQ-A; use remains limited to the ledger directness and stated claim boundary: Reports 11-14 sessions per week and typical training weeks; no nonweekly-frame comparison. owner_target=9_5_DAY_AUTOMATED_PRESCRIPTION; runtime_authority=false,INCLUDE,Adult distance-running practice review; typical weeks only and no nonweekly comparison,INCLUDE,AI lanes agree; human-trained confirmation remains required,PENDING_HUMAN,ELIGIBLE_FULL_TEXT
FRV2-A-009,RQ-A,,INCLUDE,Eligible evidence for RQ-A; use remains limited to the ledger directness and stated claim boundary: Typical training week with individual event and altitude adjustments; n=8 and no nonweekly comparator. owner_target=9_5_DAY_AUTOMATED_PRESCRIPTION; runtime_authority=false,INCLUDE,Small adult middle-distance observational case supports individualized weekly adjustment only,INCLUDE,AI lanes agree; human-trained confirmation remains required,PENDING_HUMAN,ELIGIBLE_FULL_TEXT
FRV2-A-010,RQ-A,,EXCLUDE,Irrelevant-duration false positive: nine consecutive overload days are not a recurring nonweekly microcycle or 9.5-day prescription frame.,EXCLUDE,Nine-day overload experiment is not a recurring microcycle or prescription-frame study,EXCLUDE,AI lanes agree; human-trained confirmation remains required,PENDING_HUMAN,ELIGIBLE_FULL_TEXT
FRV2-A-011,RQ-A,,INCLUDE,"Eligible evidence for RQ-A; use remains limited to the ledger directness and stated claim boundary: Verified retrospective self-report of a 9-day cycle; use evidence only, with no causal efficacy or youth-transfer inference. owner_target=9_5_DAY_AUTOMATED_PRESCRIPTION; runtime_authority=false",INCLUDE,Verified elite adult self-report supports 9-day practical use only; no causal or youth inference,INCLUDE,AI lanes agree; human-trained confirmation remains required,PENDING_HUMAN,ELIGIBLE_FULL_TEXT
FRV2-A-012,RQ-A,,INCLUDE,Eligible evidence for RQ-A; use remains limited to the ledger directness and stated claim boundary: Single self-programmed 9-day case with self-reported outcomes and concurrent changes; no causal inference. owner_target=9_5_DAY_AUTOMATED_PRESCRIPTION; runtime_authority=false,INCLUDE,Single recreational self-report supports existence of 9-day use only; concurrent changes defeat efficacy inference,INCLUDE,AI lanes agree; human-trained confirmation remains required,PENDING_HUMAN,ELIGIBLE_FULL_TEXT
FRV2-A-013,RQ-A,,INCLUDE,Eligible evidence for RQ-A; use remains limited to the ledger directness and stated claim boundary: Hunt reports actual 10-day use; article also provides a 9-day template and practical counterevidence. A quoted 72 hours is not clearance. owner_target=9_5_DAY_AUTOMATED_PRESCRIPTION; runtime_authority=false,INCLUDE,Coach and athlete article supports practical nonweekly rationale and counterconstraints only,INCLUDE,AI lanes agree; human-trained confirmation remains required,PENDING_HUMAN,ELIGIBLE_FULL_TEXT
FRV2-A-014,RQ-A,,INCLUDE,"Eligible evidence for RQ-A; use remains limited to the ledger directness and stated claim boundary: Third-party report of 10-day use, not a primary verified protocol; unsupported injury language excluded. owner_target=9_5_DAY_AUTOMATED_PRESCRIPTION; runtime_authority=false",INCLUDE,Third-party coaching discourse supports rationale only; named program use and injury claims remain unverified,INCLUDE,AI lanes agree; human-trained confirmation remains required,PENDING_HUMAN,ELIGIBLE_FULL_TEXT
FRV2-A-015,RQ-A,,INCLUDE,Eligible evidence for RQ-A; use remains limited to the ledger directness and stated claim boundary: Verified 9-day sample plan and 10-day mention only; no implemented cohort or outcome. owner_target=9_5_DAY_AUTOMATED_PRESCRIPTION; runtime_authority=false,INCLUDE,Published 9-day template supports design exemplar only; not prevalence implementation or outcome evidence,INCLUDE,AI lanes agree; human-trained confirmation remains required,PENDING_HUMAN,ELIGIBLE_FULL_TEXT
FRV2-A-016,RQ-A,,INCLUDE,Eligible evidence for RQ-A; use remains limited to the ledger directness and stated claim boundary: Verified 10-day plan only; event-indirect and no athlete sample or outcome. owner_target=9_5_DAY_AUTOMATED_PRESCRIPTION; runtime_authority=false,INCLUDE,Official sprint coaching presentation verifies a 10-day plan only; event-indirect and outcome-free,INCLUDE,AI lanes agree; human-trained confirmation remains required,PENDING_HUMAN,ELIGIBLE_FULL_TEXT
FRV2-A-017,RQ-A,,INCLUDE,Eligible evidence for RQ-A; use remains limited to the ledger directness and stated claim boundary: Verified self-report of a 10-day cycle; corrects a conflicting 9-day overview and permits no causal attribution. owner_target=9_5_DAY_AUTOMATED_PRESCRIPTION; runtime_authority=false,INCLUDE,Verified elite adult female self-report supports 10-day use only; no causal attribution,INCLUDE,AI lanes agree; human-trained confirmation remains required,PENDING_HUMAN,ELIGIBLE_FULL_TEXT
FRV2-B-001,RQ-B,,INCLUDE,Eligible evidence for RQ-B; use remains limited to the ledger directness and stated claim boundary: Direct adolescent-runner biochemical time course; all-out 21 km; 2 h 4 h 24 h; not middle-distance direct.,INCLUDE,Direct adolescent-runner biochemical time course; abstract-only and limited to reported 21-km markers through 24 h,INCLUDE,AI lanes agree; human-trained confirmation remains required,PENDING_HUMAN,ABSTRACT_LIMITED
FRV2-B-002,RQ-B,,INCLUDE,Eligible evidence for RQ-B; use remains limited to the ledger directness and stated claim boundary: Direct adolescent-runner biochemical time course; all-out 21 km; 2 h 4 h 24 h; no clearance inference.,INCLUDE,Direct adolescent-runner renal-marker time course; abstract-only and no readiness or clearance inference,INCLUDE,AI lanes agree; human-trained confirmation remains required,PENDING_HUMAN,ABSTRACT_LIMITED
FRV2-B-003,RQ-B,,INCLUDE,Eligible evidence for RQ-B; use remains limited to the ledger directness and stated claim boundary: Youth indirect; 1-day and 2-day mixed-modality races; marker-specific 24-72 h time course.,INCLUDE,Youth endurance evidence for marker-specific 24-72 h kinetics; mixed-modality race is middle-distance indirect,INCLUDE,AI lanes agree; human-trained confirmation remains required,PENDING_HUMAN,ELIGIBLE_FULL_TEXT
FRV2-B-004,RQ-B,,INCLUDE,Eligible evidence for RQ-B; use remains limited to the ledger directness and stated claim boundary: Youth athlete indirect; force at post 24 h 48 h 72 h; no subsequent training; large individual variability.,INCLUDE,Youth match study supports outcome-specific force kinetics and variability only; soccer transfer is indirect,INCLUDE,AI lanes agree; human-trained confirmation remains required,PENDING_HUMAN,ELIGIBLE_FULL_TEXT
FRV2-B-005,RQ-B,,INCLUDE,Eligible evidence for RQ-B; use remains limited to the ledger directness and stated claim boundary: Youth athlete indirect; static-stretch versus passive recovery; pre post 48 h; intervention confounds natural kinetics.,INCLUDE,Youth crossover evidence informs recovery-intervention context; soccer and intervention confound natural kinetics,INCLUDE,AI lanes agree; human-trained confirmation remains required,PENDING_HUMAN,ELIGIBLE_FULL_TEXT
FRV2-B-006,RQ-B,,INCLUDE,Eligible evidence for RQ-B; use remains limited to the ledger directness and stated claim boundary: Youth athlete indirect; objective and subjective outcomes diverge at 24-48 h.,INCLUDE,Youth match abstract supports divergent objective and subjective kinetics only; extraction restricted to abstract,INCLUDE,AI lanes agree; human-trained confirmation remains required,PENDING_HUMAN,ABSTRACT_LIMITED
FRV2-B-007,RQ-B,,INCLUDE,Eligible evidence for RQ-B; use remains limited to the ledger directness and stated claim boundary: Youth athlete indirect; complete versus reduced training at 48 h; 72-h state includes intervening load.,INCLUDE,Youth randomized post-match training study informs intervening-load effects; not natural recovery or running clearance,INCLUDE,AI lanes agree; human-trained confirmation remains required,PENDING_HUMAN,ELIGIBLE_FULL_TEXT
FRV2-B-009,RQ-B,,INCLUDE,Eligible evidence for RQ-B; use remains limited to the ledger directness and stated claim boundary: Youth athlete indirect; fixed-order crossover; selected markers at 24 h 48 h 72 h; no safety inference.,INCLUDE,Youth resistance and plyometric time course is relevant but soccer and fixed-order crossover are indirect,INCLUDE,AI lanes agree; human-trained confirmation remains required,PENDING_HUMAN,ELIGIBLE_FULL_TEXT
FRV2-B-010,RQ-B,,INCLUDE,Eligible evidence for RQ-B; use remains limited to the ledger directness and stated claim boundary: Youth indirect review; peak strength soreness and CK effects beyond 24 h; not a session-specific interval study.,INCLUDE,Systematic youth-adult EIMD comparison supplies mechanism context only; abstract cannot define session spacing,INCLUDE,AI lanes agree; human-trained confirmation remains required,PENDING_HUMAN,ABSTRACT_LIMITED
FRV2-B-011,RQ-B,,INCLUDE,Eligible evidence for RQ-B; use remains limited to the ledger directness and stated claim boundary: Runner direct but adult; two treadmill 1500-m trials 24 h apart; performance-specific counterevidence only.,INCLUDE,Adult middle-distance repeated 1500-m trial supplies performance-specific 24-h counterevidence only,INCLUDE,AI lanes agree; human-trained confirmation remains required,PENDING_HUMAN,ELIGIBLE_FULL_TEXT
FRV2-B-013,RQ-B,,INCLUDE,Eligible evidence for RQ-B; use remains limited to the ledger directness and stated claim boundary: Runner direct but adult; 60-min downhill run; gait CK pain and MRI at post 24 h 48 h.,INCLUDE,Adult runner downhill study supplies marker-specific 24-48 h kinetics; abstract-only and protocol-specific,INCLUDE,AI lanes agree; human-trained confirmation remains required,PENDING_HUMAN,ABSTRACT_LIMITED
FRV2-B-014,RQ-B,,INCLUDE,Eligible evidence for RQ-B; use remains limited to the ledger directness and stated claim boundary: Runner direct but adult; two downhill bouts; post 24 h 48 h 72 h 96 h 168 h; explicit soreness beyond 72 h.,INCLUDE,Adult runner repeated-downhill study supports outcome-specific persistence beyond 72 h; no universal threshold,INCLUDE,AI lanes agree; human-trained confirmation remains required,PENDING_HUMAN,ELIGIBLE_FULL_TEXT
FRV2-B-019,RQ-B,,INCLUDE,Eligible evidence for RQ-B; use remains limited to the ledger directness and stated claim boundary: Indirect cycling; repeated sessions separated by 24 h or 48 h; performance and neuromuscular markers disagree at 24 h.,INCLUDE,Indirect cycling repeated-sprint study supports disagreement across markers; abstract-only and modality-indirect,INCLUDE,AI lanes agree; human-trained confirmation remains required,PENDING_HUMAN,ABSTRACT_LIMITED
FRV2-B-020,RQ-B,,INCLUDE,Eligible evidence for RQ-B; use remains limited to the ledger directness and stated claim boundary: Indirect review; 20 studies; sprint COD CMJ CK and DOMS through 72 h; high heterogeneity.,INCLUDE,Indirect heterogeneous EIMD review supports outcome-specific time courses; not a running clearance rule,INCLUDE,AI lanes agree; human-trained confirmation remains required,PENDING_HUMAN,ELIGIBLE_FULL_TEXT
FRV2-B-022,RQ-B,,INCLUDE,Eligible evidence for RQ-B; use remains limited to the ledger directness and stated claim boundary: Indirect review; 28 studies; performance and biochemical time courses to 144 h; full text available but not inspected in this extraction.,INCLUDE,Team-sport recovery review supports heterogeneous 24-144 h outcomes only; extraction restricted to abstract,INCLUDE,AI lanes agree; human-trained confirmation remains required,PENDING_HUMAN,ABSTRACT_LIMITED
FRV2-C-002,RQ-C,,INCLUDE,Eligible evidence for RQ-C; use remains limited to the ledger directness and stated claim boundary: Twice-weekly plyometric sprint and resistance work supported economy and strength signals; sequence and running separation were not reported in the abstract.,INCLUDE,Direct adolescent distance-running trial supports combined component feasibility; abstract lacks order and separation,INCLUDE,AI lanes agree; human-trained confirmation remains required,PENDING_HUMAN,ABSTRACT_LIMITED
FRV2-C-003,RQ-C,,INCLUDE,Eligible evidence for RQ-C; use remains limited to the ledger directness and stated claim boundary: Nineteen percent of endurance training was replaced by explosive work; speed improved while VO2max and economy were unchanged; scheduling was not reported.,INCLUDE,Young distance-runner trial supports explosive component outcomes; abstract lacks scheduling mechanics,INCLUDE,AI lanes agree; human-trained confirmation remains required,PENDING_HUMAN,ABSTRACT_LIMITED
FRV2-C-004,RQ-C,,INCLUDE,Eligible evidence for RQ-C; use remains limited to the ledger directness and stated claim boundary: Tiny null/adverse signal; resistance frequency conflicts between abstract and review table; order and separation remain unresolved.,INCLUDE,Small maturity-matched youth-runner trial is relevant counterevidence; abstract-review frequency conflict blocks schedule inference,INCLUDE,AI lanes agree; human-trained confirmation remains required,PENDING_HUMAN,ABSTRACT_LIMITED
FRV2-C-005,RQ-C,,INCLUDE,Eligible evidence for RQ-C; use remains limited to the ledger directness and stated claim boundary: Six depth jumps followed by 10 min passive recovery improved acute running economy but not time to exhaustion; chronic scheduling transfer is unsupported.,INCLUDE,Junior middle-distance crossover supports acute depth-jump response only; no chronic placement transfer,INCLUDE,AI lanes agree; human-trained confirmation remains required,PENDING_HUMAN,ABSTRACT_LIMITED
FRV2-C-007,RQ-C,,INCLUDE,Eligible evidence for RQ-C; use remains limited to the ledger directness and stated claim boundary: Morning endurance and afternoon strength plus heavy-to-plyometric complex pairs improved several outcomes; AM-PM hours and reverse order were not tested.,INCLUDE,Runner training trial supports one AM-PM complex arrangement; reverse order and separation dose were not tested,INCLUDE,AI lanes agree; human-trained confirmation remains required,PENDING_HUMAN,ELIGIBLE_FULL_TEXT
FRV2-C-010,RQ-C,,INCLUDE,Eligible evidence for RQ-C; use remains limited to the ledger directness and stated claim boundary: Speed endurance preceded heavy resistance in the same session while running volume was reduced; outcomes improved but reverse order was not tested.,INCLUDE,Adult runner trial supports one same-session sequence with reduced volume; not a universal ordering rule,INCLUDE,AI lanes agree; human-trained confirmation remains required,PENDING_HUMAN,ELIGIBLE_FULL_TEXT
FRV2-C-011,RQ-C,,INCLUDE,Eligible evidence for RQ-C; use remains limited to the ledger directness and stated claim boundary: Hill component evidence showed no clearly superior program for 5 km performance and did not test placement relative to strength or plyometrics.,INCLUDE,Hill-program trial supports component comparison only; abstract provides no strength or plyometric placement test,INCLUDE,AI lanes agree; human-trained confirmation remains required,PENDING_HUMAN,ABSTRACT_LIMITED
FRV2-C-012,RQ-C,,INCLUDE,Eligible evidence for RQ-C; use remains limited to the ledger directness and stated claim boundary: Small run-versus-cycle HIIT trial; habitual-training placement was not standardized and cycling cannot be inferred to be equivalent or lower fatigue.,INCLUDE,Small adult run-versus-cycle trial is useful counterevidence; no modality equivalence or lower-fatigue inference,INCLUDE,AI lanes agree; human-trained confirmation remains required,PENDING_HUMAN,ELIGIBLE_FULL_TEXT
FRV2-C-013,RQ-C,,INCLUDE,Eligible evidence for RQ-C; use remains limited to the ledger directness and stated claim boundary: Pooled VO2max and running-performance effects were null with wide intervals; modality equivalence recovery benefit and placement are unsupported.,INCLUDE,Heterogeneous adult cross-training review informs mode transfer only; no recovery or placement equivalence,INCLUDE,AI lanes agree; human-trained confirmation remains required,PENDING_HUMAN,ELIGIBLE_FULL_TEXT
FRV2-C-015,RQ-C,,INCLUDE,Eligible evidence for RQ-C; use remains limited to the ledger directness and stated claim boundary: Maximal strength and hypertrophy were null overall while explosive strength showed a small same-session interference signal; adult subgroup bins are not youth thresholds.,INCLUDE,Large adult meta-analysis informs conditional same-session interference; youth thresholds are unsupported,INCLUDE,AI lanes agree; human-trained confirmation remains required,PENDING_HUMAN,ELIGIBLE_FULL_TEXT
FRV2-C-016,RQ-C,,INCLUDE,Eligible evidence for RQ-C; use remains limited to the ledger directness and stated claim boundary: Resistance-before-endurance favored dynamic strength only; aerobic hypertrophy and static strength outcomes were null and do not support a universal order.,INCLUDE,Adult sequence review informs outcome-specific ordering; null domains defeat a universal order,INCLUDE,AI lanes agree; human-trained confirmation remains required,PENDING_HUMAN,ELIGIBLE_FULL_TEXT
FRV2-C-018,RQ-C,,INCLUDE,Eligible evidence for RQ-C; use remains limited to the ledger directness and stated claim boundary: Resistance always preceded aerobic work with 0 h 6 h or 24 h separation; one indirect team-sport trial cannot define a youth threshold.,INCLUDE,Indirect adult rugby trial compares 0 6 and 24 h separation; abstract cannot set youth-runner threshold,INCLUDE,AI lanes agree; human-trained confirmation remains required,PENDING_HUMAN,ABSTRACT_LIMITED
FRV2-C-019,RQ-C,,INCLUDE,Eligible evidence for RQ-C; use remains limited to the ledger directness and stated claim boundary: Immediate endurance-resistance order did not alter most adaptations; rehabilitation and detraining make transfer to trained youth runners very low.,INCLUDE,Inactive-adult rehabilitation trial is very indirect but usable as order counterevidence only,INCLUDE,AI lanes agree; human-trained confirmation remains required,PENDING_HUMAN,ELIGIBLE_FULL_TEXT
FRV2-C-020,RQ-C,,INCLUDE,Eligible evidence for RQ-C; use remains limited to the ledger directness and stated claim boundary: Historical interference synthesis with modality frequency and duration moderators; retained below the updated review and not usable as a youth calendar rule.,INCLUDE,Historical adult meta-analysis supports interference context only; abstract and updated overlap block calendar rules,INCLUDE,AI lanes agree; human-trained confirmation remains required,PENDING_HUMAN,ABSTRACT_LIMITED
FRV2-D-002,RQ-D,,INCLUDE,Eligible evidence for RQ-D; use remains limited to the ledger directness and stated claim boundary: Conceptual two-component framework; supports family identity but is not a validation study.,INCLUDE,Conceptual internal-external load distinction is relevant; commentary is not metric validation,INCLUDE,AI lanes agree; human-trained confirmation remains required,PENDING_HUMAN,ABSTRACT_LIMITED
FRV2-D-003,RQ-D,,INCLUDE,Eligible evidence for RQ-D; use remains limited to the ledger directness and stated claim boundary: Session-RPE related consistently to HR-based scores but absolute values differed; methods are not numerically interchangeable.,INCLUDE,Comparative sRPE study supports method noninterchangeability; abstract limits population and protocol detail,INCLUDE,AI lanes agree; human-trained confirmation remains required,PENDING_HUMAN,ABSTRACT_LIMITED
FRV2-D-006,RQ-D,,INCLUDE,Eligible evidence for RQ-D; use remains limited to the ledger directness and stated claim boundary: CR10 and Borg 6-20 sRPE correlated r=.90 but produced different absolute values; scale ID and anchors must persist.,INCLUDE,Scale comparison supports persisting scale identity and anchors; abstract cannot validate cross-method aggregation,INCLUDE,AI lanes agree; human-trained confirmation remains required,PENDING_HUMAN,ABSTRACT_LIMITED
FRV2-D-007,RQ-D,,INCLUDE,Eligible evidence for RQ-D; use remains limited to the ledger directness and stated claim boundary: Defines sRPE as an entire-session average internal response; does not validate allocation to session components.,INCLUDE,sRPE history defines whole-session averaging; abstract does not permit component allocation,INCLUDE,AI lanes agree; human-trained confirmation remains required,PENDING_HUMAN,ABSTRACT_LIMITED
FRV2-D-008,RQ-D,,INCLUDE,Eligible evidence for RQ-D; use remains limited to the ledger directness and stated claim boundary: Individualized HR-lactate TRIMPi related to outcomes when group-average weighting did not; method identity and individual thresholds are required.,INCLUDE,Small adult runner method study supports individual threshold and method identity; abstract limits validation detail,INCLUDE,AI lanes agree; human-trained confirmation remains required,PENDING_HUMAN,ABSTRACT_LIMITED
FRV2-D-009,RQ-D,,INCLUDE,Eligible evidence for RQ-D; use remains limited to the ledger directness and stated claim boundary: sRPE TRIMP and biomechanical load correlations were weak to moderate across three session types; separate measures must not be summed as one currency.,INCLUDE,Runner comparison supports separate load families; abstract-only correlations cannot create one currency,INCLUDE,AI lanes agree; human-trained confirmation remains required,PENDING_HUMAN,ABSTRACT_LIMITED
FRV2-D-010,RQ-D,,INCLUDE,Eligible evidence for RQ-D; use remains limited to the ledger directness and stated claim boundary: sRPE-TRIMP correlation varied from .811 in ergometer work to .258 in functional training; validity is modality-specific.,INCLUDE,Rowing validation supports modality-specific agreement only; abstract and sport indirectness are explicit,INCLUDE,AI lanes agree; human-trained confirmation remains required,PENDING_HUMAN,ABSTRACT_LIMITED
FRV2-D-011,RQ-D,,INCLUDE,Eligible evidence for RQ-D; use remains limited to the ledger directness and stated claim boundary: Wearable HR error differed by device and activity and was about 30% higher during activity than rest; model and protocol provenance are required.,INCLUDE,Device-validation evidence supports model activity and protocol provenance; adult wearable transfer is bounded,INCLUDE,AI lanes agree; human-trained confirmation remains required,PENDING_HUMAN,ABSTRACT_LIMITED
FRV2-D-012,RQ-D,,INCLUDE,Eligible evidence for RQ-D; use remains limited to the ledger directness and stated claim boundary: Most devices measured some HR conditions adequately but no device estimated energy expenditure below 20% error; outcomes are non-equivalent.,INCLUDE,Device comparison supports outcome-specific error and non-equivalence; abstract-only adult cohort,INCLUDE,AI lanes agree; human-trained confirmation remains required,PENDING_HUMAN,ABSTRACT_LIMITED
FRV2-D-013,RQ-D,,INCLUDE,Eligible evidence for RQ-D; use remains limited to the ledger directness and stated claim boundary: Distance MAPE ranged 3.2%-6.1% and error depended on environment activity and watch; brand-level validity flags are insufficient.,INCLUDE,Sport-watch validation supports environment activity and model provenance; no athlete state inference,INCLUDE,AI lanes agree; human-trained confirmation remains required,PENDING_HUMAN,ABSTRACT_LIMITED
FRV2-D-014,RQ-D,,INCLUDE,Eligible evidence for RQ-D; use remains limited to the ledger directness and stated claim boundary: Validity varied by outcome and model; only four studies assessed reliability and distance energy HR evidence was limited or variable.,INCLUDE,Systematic Garmin review supports model-outcome-specific validity limits; abstract-only and adult-dominant,INCLUDE,AI lanes agree; human-trained confirmation remains required,PENDING_HUMAN,ABSTRACT_LIMITED
FRV2-D-015,RQ-D,,INCLUDE,Eligible evidence for RQ-D; use remains limited to the ledger directness and stated claim boundary: Context-aware imputation outperformed simple methods in some analyses; imputed derivatives must remain separate from canonical observations.,INCLUDE,Youth imputation study informs missing-data handling only; team-sport estimates cannot replace observations,INCLUDE,AI lanes agree; human-trained confirmation remains required,PENDING_HUMAN,ABSTRACT_LIMITED
FRV2-D-016,RQ-D,,INCLUDE,Eligible evidence for RQ-D; use remains limited to the ledger directness and stated claim boundary: Real-world missingness may violate missing-completely-at-random and bias dashboards; coverage and reasons must be visible.,INCLUDE,Method commentary supports visible missingness mechanisms; illustrative football data are indirect,INCLUDE,AI lanes agree; human-trained confirmation remains required,PENDING_HUMAN,ABSTRACT_LIMITED
FRV2-D-017,RQ-D,,INCLUDE,Eligible evidence for RQ-D; use remains limited to the ledger directness and stated claim boundary: Official W3C standard models entities activities agents derivation attribution revision and time; it is not sport-effect evidence.,INCLUDE,Official provenance ontology supports entity activity agent and derivation fields; not sport-effect evidence,INCLUDE,AI lanes agree; human-trained confirmation remains required,PENDING_HUMAN,ELIGIBLE_FULL_TEXT
FRV2-D-019,RQ-D,,INCLUDE,Eligible evidence for RQ-D; use remains limited to the ledger directness and stated claim boundary: Coupling produced r=.52 despite independent weeks versus r=.01 when uncoupled; coupling method must be explicit.,INCLUDE,Simulation directly establishes mathematical-coupling artifact risk; no injury or plan authority,INCLUDE,AI lanes agree; human-trained confirmation remains required,PENDING_HUMAN,ELIGIBLE_FULL_TEXT
FRV2-D-020,RQ-D,,INCLUDE,Eligible evidence for RQ-D; use remains limited to the ledger directness and stated claim boundary: Counterevidence found mostly trivial coupled-versus-uncoupled effects in two datasets; no coupling variant is universally privileged.,INCLUDE,Applied counterexample shows coupling effects are dataset-dependent; commentary cannot privilege a variant,INCLUDE,AI lanes agree; human-trained confirmation remains required,PENDING_HUMAN,ABSTRACT_LIMITED
FRV2-D-021,RQ-D,,INCLUDE,Eligible evidence for RQ-D; use remains limited to the ledger directness and stated claim boundary: Affirmative ACWR sweet-spot rationale retained as counterevidence history only; zones are not product rules.,INCLUDE,Retain as historical affirmative ACWR counterposition only; narrative model cannot define product zones,INCLUDE,AI lanes agree; human-trained confirmation remains required,PENDING_HUMAN,ABSTRACT_LIMITED
FRV2-D-023,RQ-D,,INCLUDE,Eligible evidence for RQ-D; use remains limited to the ledger directness and stated claim boundary: Tested coupled 7:28 ACWR management and found no health-problem benefit; used only to deny ACWR plan authority.,INCLUDE,Youth cluster trial directly rejects health-benefit authority for tested ACWR management; soccer transfer bounded,INCLUDE,AI lanes agree; human-trained confirmation remains required,PENDING_HUMAN,ELIGIBLE_FULL_TEXT
FRV2-D-024,RQ-D,,INCLUDE,Eligible evidence for RQ-D; use remains limited to the ledger directness and stated claim boundary: Across 22839 GPS sessions flag rates differed materially by weekly coupled uncoupled and EWMA methods; all calculation choices require provenance.,INCLUDE,Large runner dataset supports method-dependent flag rates; abstract cannot establish injury or readiness thresholds,INCLUDE,AI lanes agree; human-trained confirmation remains required,PENDING_HUMAN,ABSTRACT_LIMITED
FRV2-E-001,RQ-E,,INCLUDE,Eligible evidence for RQ-E; use remains limited to the ledger directness and stated claim boundary: Separates bias and random error; CV SEM and limits of agreement require protocol-specific scale assumptions; supports error-aware level-3 claims only.,INCLUDE,Measurement-error review supports separating bias random error and agreement; abstract cannot set universal counts,INCLUDE,AI lanes agree; human-trained confirmation remains required,PENDING_HUMAN,ABSTRACT_LIMITED
FRV2-E-003,RQ-E,,INCLUDE,Eligible evidence for RQ-E; use remains limited to the ledger directness and stated claim boundary: ICC model and SEM calculation provenance are required; MDC confidence level must be explicit.,INCLUDE,ICC and SEM tutorial supports explicit model and confidence provenance; no universal MDC threshold,INCLUDE,AI lanes agree; human-trained confirmation remains required,PENDING_HUMAN,ABSTRACT_LIMITED
FRV2-E-004,RQ-E,,INCLUDE,Eligible evidence for RQ-E; use remains limited to the ledger directness and stated claim boundary: Validity reliability and sensitivity are separate; a reliable proxy cannot support a claim if it does not represent the target construct.,INCLUDE,Sport measurement review separates validity reliability and sensitivity; abstract-only and nonprescriptive,INCLUDE,AI lanes agree; human-trained confirmation remains required,PENDING_HUMAN,ABSTRACT_LIMITED
FRV2-E-006,RQ-E,,INCLUDE,Eligible evidence for RQ-E; use remains limited to the ledger directness and stated claim boundary: Combines typical error confidence intervals and SWC; error exceedance and worthwhile magnitude remain distinct and noncausal.,INCLUDE,Statistical framework distinguishes error exceedance from worthwhile change; it cannot prove causality,INCLUDE,AI lanes agree; human-trained confirmation remains required,PENDING_HUMAN,ELIGIBLE_FULL_TEXT
FRV2-E-007,RQ-E,,INCLUDE,Eligible evidence for RQ-E; use remains limited to the ledger directness and stated claim boundary: Measurement error and within-subject efficacy variation confound responder labels; stable personal response requires replicated interventions or contrasts.,INCLUDE,Method review supports replicated contrasts for personal response; abstract cannot define minimum observations,INCLUDE,AI lanes agree; human-trained confirmation remains required,PENDING_HUMAN,ABSTRACT_LIMITED
FRV2-E-008,RQ-E,,INCLUDE,Eligible evidence for RQ-E; use remains limited to the ledger directness and stated claim boundary: Response rates inflate when classification ignores error and SWC or MCID; heterogeneous reviewed outcomes prevent universal thresholds.,INCLUDE,Systematic review supports error-aware response classification; heterogeneous outcomes block universal thresholds,INCLUDE,AI lanes agree; human-trained confirmation remains required,PENDING_HUMAN,ELIGIBLE_FULL_TEXT
FRV2-E-009,RQ-E,,INCLUDE,Eligible evidence for RQ-E; use remains limited to the ledger directness and stated claim boundary: Methodological opposition to naive personalization; observed between-person spread does not prove repeatable personal treatment response.,INCLUDE,Variance critique directly guards against naive responder claims; not sport-specific prescription evidence,INCLUDE,AI lanes agree; human-trained confirmation remains required,PENDING_HUMAN,ELIGIBLE_FULL_TEXT
FRV2-E-010,RQ-E,,INCLUDE,Eligible evidence for RQ-E; use remains limited to the ledger directness and stated claim boundary: MBI reduced-sample claims are not justified; use transparent intervals or a fully specified Bayesian model while separately justifying important effects.,INCLUDE,Statistical review supports rejecting magnitude-based inference shortcuts; not an effect-size rule by itself,INCLUDE,AI lanes agree; human-trained confirmation remains required,PENDING_HUMAN,ELIGIBLE_FULL_TEXT
FRV2-E-011,RQ-E,,INCLUDE,Eligible evidence for RQ-E; use remains limited to the ledger directness and stated claim boundary: MBI can inflate type-I error at small samples; a likely-worthwhile label cannot substitute for a valid uncertainty model.,INCLUDE,Simulation critique supports false-positive safeguards; abstract supplies no replacement model or sample rule,INCLUDE,AI lanes agree; human-trained confirmation remains required,PENDING_HUMAN,ABSTRACT_LIMITED
FRV2-E-013,RQ-E,,INCLUDE,Eligible evidence for RQ-E; use remains limited to the ledger directness and stated claim boundary: Period length and washout are intervention-specific; training carryover may be the intended adaptation and cannot be replaced by a universal period rule.,INCLUDE,Government N-of-1 guide supports intervention-specific periods carryover and washout; clinical transfer is methodological only,INCLUDE,AI lanes agree; human-trained confirmation remains required,PENDING_HUMAN,ELIGIBLE_FULL_TEXT
FRV2-E-014,RQ-E,,INCLUDE,Eligible evidence for RQ-E; use remains limited to the ledger directness and stated claim boundary: Requires phase outcome fidelity analysis and deviation reporting; checklist completion is not causal validity or a safety gate.,INCLUDE,SCRIBE supports transparent phase outcome fidelity and deviation reporting; checklist is not validity,INCLUDE,AI lanes agree; human-trained confirmation remains required,PENDING_HUMAN,ELIGIBLE_FULL_TEXT
FRV2-E-015,RQ-E,,INCLUDE,Eligible evidence for RQ-E; use remains limited to the ledger directness and stated claim boundary: WWC phase-point rules are design-specific evidence-review standards and must not become a universal athlete baseline n or freshness threshold.,INCLUDE,Design standard supplies indirect SCED quality cautions; education-specific point rules cannot transfer to athletes,INCLUDE,AI lanes agree; human-trained confirmation remains required,PENDING_HUMAN,ELIGIBLE_FULL_TEXT
FRV2-E-016,RQ-E,,INCLUDE,Eligible evidence for RQ-E; use remains limited to the ledger directness and stated claim boundary: Challenges rigid baseline-stability waiting under specified simulations but does not permit ignoring trend or using a universal short baseline.,INCLUDE,Simulation challenges rigid baseline-stability waiting; it does not permit ignoring trend or short universal baselines,INCLUDE,AI lanes agree; human-trained confirmation remains required,PENDING_HUMAN,ELIGIBLE_FULL_TEXT
FRV2-E-017,RQ-E,,INCLUDE,Eligible evidence for RQ-E; use remains limited to the ledger directness and stated claim boundary: Ordinary independent t-tests can misstate repeated-series inference; serial structure must be specified and very few observations remain unsafe for inference.,INCLUDE,Method study supports modeling serial correlation; examples do not establish a universal observation count,INCLUDE,AI lanes agree; human-trained confirmation remains required,PENDING_HUMAN,ELIGIBLE_FULL_TEXT
FRV2-E-018,RQ-E,,INCLUDE,Eligible evidence for RQ-E; use remains limited to the ledger directness and stated claim boundary: SCED quality cannot be reduced to point count; measurement replication trend and analysis are separate gates and analytic disagreement remains.,INCLUDE,Systematic methods review supports multidimensional SCED appraisal; published practice is not efficacy evidence,INCLUDE,AI lanes agree; human-trained confirmation remains required,PENDING_HUMAN,ELIGIBLE_FULL_TEXT
FRV2-E-019,RQ-E,,INCLUDE,Eligible evidence for RQ-E; use remains limited to the ledger directness and stated claim boundary: Randomize start or order where feasible and analyze the actual assignment scheme; randomization does not fix poor measurement carryover or missingness.,INCLUDE,Randomized SCED tutorial supports assignment-aware analysis; healthcare transfer remains methodological,INCLUDE,AI lanes agree; human-trained confirmation remains required,PENDING_HUMAN,ELIGIBLE_FULL_TEXT
FRV2-E-021,RQ-E,,INCLUDE,Eligible evidence for RQ-E; use remains limited to the ledger directness and stated claim boundary: No single definitive fatigue marker exists; mixed markers require individualized contextual interpretation and cannot diagnose or clear training.,INCLUDE,Athlete-monitoring review supports marker-specific contextual interpretation; no fatigue diagnosis or clearance,INCLUDE,AI lanes agree; human-trained confirmation remains required,PENDING_HUMAN,ELIGIBLE_FULL_TEXT
FRV2-E-022,RQ-E,,INCLUDE,Eligible evidence for RQ-E; use remains limited to the ledger directness and stated claim boundary: Subjective and objective measures often disagree; preserve streams and provenance rather than fusing them into a causal readiness or safety score.,INCLUDE,Systematic review supports preserving subjective and objective streams; disagreement cannot become a readiness score,INCLUDE,AI lanes agree; human-trained confirmation remains required,PENDING_HUMAN,ELIGIBLE_FULL_TEXT
FRV2-E-023,RQ-E,,INCLUDE,Eligible evidence for RQ-E; use remains limited to the ledger directness and stated claim boundary: Reviews AB reversal multiple-baseline and alternating-treatment designs for elite conditioning; serial dependency and applied design constraints remain.,INCLUDE,Sport-specific SCED review supports design options and serial-dependency cautions; abstract-only and no Formation efficacy,INCLUDE,AI lanes agree; human-trained confirmation remains required,PENDING_HUMAN,ABSTRACT_LIMITED
FRV2-F-001,RQ-F,,INCLUDE,Eligible evidence for RQ-F; use remains limited to the ledger directness and stated claim boundary: Burden completion clarity and feedback are measurable; no automated-plan validation. owner_target=9_5_DAY_AUTOMATED_PRESCRIPTION; feasibility_only=true; efficacy_safety_causality=false,INCLUDE,Direct adolescent athletics co-creation evidence supports burden clarity feedback and completion outcomes only,INCLUDE,AI lanes agree; human-trained confirmation remains required,PENDING_HUMAN,ELIGIBLE_FULL_TEXT
FRV2-F-002,RQ-F,,INCLUDE,Eligible evidence for RQ-F; use remains limited to the ledger directness and stated claim boundary: Separate adherence missingness withdrawal and technical failure; no physiological or safety inference,INCLUDE,Adolescent wearable cohort informs adherence missingness withdrawal and technical failure; injured mixed-sport sample is indirect,INCLUDE,AI lanes agree; human-trained confirmation remains required,PENDING_HUMAN,ELIGIBLE_FULL_TEXT
FRV2-F-003,RQ-F,,INCLUDE,Eligible evidence for RQ-F; use remains limited to the ledger directness and stated claim boundary: Technical friction and feedback specificity matter; non-athlete indirectness retained,INCLUDE,Adolescent usability study informs friction and feedback specificity; non-athlete context limits transfer,INCLUDE,AI lanes agree; human-trained confirmation remains required,PENDING_HUMAN,ELIGIBLE_FULL_TEXT
FRV2-F-004,RQ-F,,INCLUDE,Eligible evidence for RQ-F; use remains limited to the ledger directness and stated claim boundary: Measure burden comprehension usefulness and completion separately; acceptability is not efficacy,INCLUDE,Youth systematic review supports separate feasibility acceptability and effectiveness outcomes; no plan validation,INCLUDE,AI lanes agree; human-trained confirmation remains required,PENDING_HUMAN,ELIGIBLE_FULL_TEXT
FRV2-F-005,RQ-F,,INCLUDE,Eligible evidence for RQ-F; use remains limited to the ledger directness and stated claim boundary: Ease did not equal sustained completion; log component dropout and notification burden,INCLUDE,Adolescent implementation study supports dropout and notification-burden measurement; no prescription efficacy,INCLUDE,AI lanes agree; human-trained confirmation remains required,PENDING_HUMAN,ELIGIBLE_FULL_TEXT
FRV2-F-006,RQ-F,,INCLUDE,Eligible evidence for RQ-F; use remains limited to the ledger directness and stated claim boundary: Adult indirect evidence for clear definitions routine fit feedback and data control,INCLUDE,Adult competitive runner qualitative evidence informs definitions routine fit feedback and data control only,INCLUDE,AI lanes agree; human-trained confirmation remains required,PENDING_HUMAN,ELIGIBLE_FULL_TEXT
FRV2-F-007,RQ-F,,INCLUDE,Eligible evidence for RQ-F; use remains limited to the ledger directness and stated claim boundary: Online system complements rather than replaces coach communication; no prevention claim,INCLUDE,Athlete surveillance pilot supports complementing coach communication; mixed sports and adult age limit transfer,INCLUDE,AI lanes agree; human-trained confirmation remains required,PENDING_HUMAN,ELIGIBLE_FULL_TEXT
FRV2-F-008,RQ-F,,INCLUDE,Eligible evidence for RQ-F; use remains limited to the ledger directness and stated claim boundary: Test acceptability implementation practicality and integration; exclude limited efficacy,INCLUDE,General feasibility framework supports acceptability implementation practicality and integration; excludes efficacy inference,INCLUDE,AI lanes agree; human-trained confirmation remains required,PENDING_HUMAN,ELIGIBLE_FULL_TEXT
FRV2-F-009,RQ-F,,INCLUDE,Eligible evidence for RQ-F; use remains limited to the ledger directness and stated claim boundary: Pilot rehearses intended process; progression is not product efficacy safety or identity,INCLUDE,Delphi methods source distinguishes pilot process from effectiveness and safety; no sport-specific authority,INCLUDE,AI lanes agree; human-trained confirmation remains required,PENDING_HUMAN,ELIGIBLE_FULL_TEXT
FRV2-F-010,RQ-F,,INCLUDE,Eligible evidence for RQ-F; use remains limited to the ledger directness and stated claim boundary: Display reasons missingness uncertainty and human authority; exposure is not comprehension,INCLUDE,Healthcare explainability analysis supports reasons missingness uncertainty and human authority; exposure is not comprehension,INCLUDE,AI lanes agree; human-trained confirmation remains required,PENDING_HUMAN,ELIGIBLE_FULL_TEXT
FRV2-F-011,RQ-F,,INCLUDE,Eligible evidence for RQ-F; use remains limited to the ledger directness and stated claim boundary: Version system and log workflow roles errors and deviations; coach remains authoritative,INCLUDE,DECIDE-AI supports versioned prospective workflow and error logging; healthcare guidance cannot validate sport prescription,INCLUDE,AI lanes agree; human-trained confirmation remains required,PENDING_HUMAN,ELIGIBLE_FULL_TEXT
FRV2-F-012,RQ-F,,INCLUDE,Eligible evidence for RQ-F; use remains limited to the ledger directness and stated claim boundary: Borrow parallel logging but reject concealment; label participant-visible parallel comparison,INCLUDE,Silent-trial review supports parallel evaluation mechanics only; concealment is rejected for this participant-visible pilot,INCLUDE,AI lanes agree; human-trained confirmation remains required,PENDING_HUMAN,ELIGIBLE_FULL_TEXT
FRV2-F-013,RQ-F,,INCLUDE,Eligible evidence for RQ-F; use remains limited to the ledger directness and stated claim boundary: Local ethics and law control; ongoing assent and withdrawal; no recruitment authority,INCLUDE,International ethics guidance supports assent permission and withdrawal boundaries; local law and review still control,INCLUDE,AI lanes agree; human-trained confirmation remains required,PENDING_HUMAN,ELIGIBLE_FULL_TEXT
FRV2-F-014,RQ-F,,INCLUDE,Eligible evidence for RQ-F; use remains limited to the ledger directness and stated claim boundary: UK-specific; test comprehension and respect withdrawal; local review required,INCLUDE,UK child-research guidance supports comprehension and withdrawal safeguards; jurisdictional transfer is explicit,INCLUDE,AI lanes agree; human-trained confirmation remains required,PENDING_HUMAN,ELIGIBLE_FULL_TEXT
FRV2-F-015,RQ-E,RQ-F,INCLUDE,Eligible evidence for RQ-F; use remains limited to the ledger directness and stated claim boundary: RQ-F is not SCED; carryover makes ABAB unsuitable for cumulative training effects,INCLUDE,SCED guide supports carryover and irreversibility cautions; rehabilitation methods do not make the pilot a SCED,INCLUDE,AI disagreement or RQ mismatch deferred to human-trained adjudication,PENDING_HUMAN,ELIGIBLE_FULL_TEXT
FRV2-F-016,RQ-E,RQ-F,INCLUDE,Eligible evidence for RQ-F; use remains limited to the ledger directness and stated claim boundary: Borrow completion stop process-event and fidelity fields; no causal claim,EXCLUDE,Duplicate publication of the SCRIBE statement with no unique data beyond FRV2-E-014,DEFER,AI disagreement or RQ mismatch deferred to human-trained adjudication,PENDING_HUMAN,ELIGIBLE_FULL_TEXT
FRV2-G-002,RQ-G,,INCLUDE,Eligible evidence for RQ-G; use remains limited to the ledger directness and stated claim boundary: Pain and overuse concern require clinician review; no product diagnosis or treatment,INCLUDE,Direct youth clinical report supports pain overuse and burnout referral boundaries; no diagnosis or treatment automation,INCLUDE,AI lanes agree; human-trained confirmation remains required,PENDING_HUMAN,ELIGIBLE_FULL_TEXT
FRV2-G-006,RQ-G,,INCLUDE,Eligible evidence for RQ-G; use remains limited to the ledger directness and stated claim boundary: Sex-specific evidence retained; no sex-based product score or restriction,INCLUDE,Adolescent female-athlete consensus informs sex-specific health boundary; no product score or restriction,INCLUDE,AI lanes agree; human-trained confirmation remains required,PENDING_HUMAN,ELIGIBLE_FULL_TEXT
FRV2-G-007,RQ-G,,INCLUDE,Eligible evidence for RQ-G; use remains limited to the ledger directness and stated claim boundary: Clinical thresholds and return-to-play categories are not product automation inputs,INCLUDE,Clinical Triad guideline supports human-only screening diagnosis and return-to-play boundary; thresholds are not automation inputs,INCLUDE,AI lanes agree; human-trained confirmation remains required,PENDING_HUMAN,ELIGIBLE_FULL_TEXT
FRV2-G-008,RQ-G,,INCLUDE,Eligible evidence for RQ-G; use remains limited to the ledger directness and stated claim boundary: Male sex is not protective; multidisciplinary medical assessment required,INCLUDE,Male Athlete Triad consensus supports sex-inclusive referral boundary; abstract-only and clinician-facing,INCLUDE,AI lanes agree; human-trained confirmation remains required,PENDING_HUMAN,ABSTRACT_LIMITED
FRV2-G-009,RQ-G,,INCLUDE,Eligible evidence for RQ-G; use remains limited to the ledger directness and stated claim boundary: General sleep-duration guidance is not athlete readiness or injury clearance,INCLUDE,Pediatric sleep consensus supplies general context only; duration guidance is not athlete readiness,INCLUDE,AI lanes agree; human-trained confirmation remains required,PENDING_HUMAN,ELIGIBLE_FULL_TEXT
FRV2-G-010,RQ-G,,INCLUDE,Eligible evidence for RQ-G; use remains limited to the ledger directness and stated claim boundary: Youth directness low; illness and return-to-sport assessment remain clinician functions,INCLUDE,Athlete respiratory consensus supports clinician-led illness and return assessment; abstract-only and youth directness low,INCLUDE,AI lanes agree; human-trained confirmation remains required,PENDING_HUMAN,ABSTRACT_LIMITED
FRV2-G-011,RQ-G,,INCLUDE,Eligible evidence for RQ-G; use remains limited to the ledger directness and stated claim boundary: Under-12 athletes outside scope; product cannot substitute for team physician,INCLUDE,Adolescent team-physician consensus supports human authority for injury illness and return; abstract-only,INCLUDE,AI lanes agree; human-trained confirmation remains required,PENDING_HUMAN,ABSTRACT_LIMITED
FRV2-G-012,RQ-G,,INCLUDE,Eligible evidence for RQ-G; use remains limited to the ledger directness and stated claim boundary: Concern content routes outside planner to named trained safeguarding human,INCLUDE,IOC safeguarding consensus supports routing concern content to trained humans; not planner inference,INCLUDE,AI lanes agree; human-trained confirmation remains required,PENDING_HUMAN,ELIGIBLE_FULL_TEXT
FRV2-G-013,RQ-G,,INCLUDE,Eligible evidence for RQ-G; use remains limited to the ledger directness and stated claim boundary: Organizational standard with jurisdiction-specific implementation and reporting duties,INCLUDE,Child-sport organizational safeguards support governance boundaries; jurisdiction-specific duties remain unresolved locally,INCLUDE,AI lanes agree; human-trained confirmation remains required,PENDING_HUMAN,ELIGIBLE_FULL_TEXT
FRV2-G-014,RQ-G,,INCLUDE,Eligible evidence for RQ-G; use remains limited to the ledger directness and stated claim boundary: Heterogeneous methods; female athletes and sport diversity underrepresented,INCLUDE,Youth growth-maturation injury review supports contextual handoff only; heterogeneous and underrepresentative evidence blocks risk scoring,INCLUDE,AI lanes agree; human-trained confirmation remains required,PENDING_HUMAN,ELIGIBLE_FULL_TEXT
FRV2-G-015,RQ-G,,INCLUDE,Eligible evidence for RQ-G; use remains limited to the ledger directness and stated claim boundary: Small single-academy association study; IRRs are not individual risk scores,INCLUDE,Prospective adolescent athletics cohort supports growth context; abstract-only association cannot become individual risk score,INCLUDE,AI lanes agree; human-trained confirmation remains required,PENDING_HUMAN,ABSTRACT_LIMITED
FRV2-G-016,RQ-G,,INCLUDE,Eligible evidence for RQ-G; use remains limited to the ledger directness and stated claim boundary: Low event counts; sex BMI and menarche findings must not become automated thresholds,INCLUDE,Large adolescent-runner cohort is directly relevant to stress-fracture context; low events defeat automated thresholds,INCLUDE,AI lanes agree; human-trained confirmation remains required,PENDING_HUMAN,ABSTRACT_LIMITED
FRV2-G-017,RQ-G,,INCLUDE,Eligible evidence for RQ-G; use remains limited to the ledger directness and stated claim boundary: Training sleep and specialization evidence low certainty; no automated risk prediction,INCLUDE,Runner injury systematic review supports low-certainty boundary language; abstract cannot justify prediction,INCLUDE,AI lanes agree; human-trained confirmation remains required,PENDING_HUMAN,ABSTRACT_LIMITED
FRV2-G-018,RQ-G,,INCLUDE,Eligible evidence for RQ-G; use remains limited to the ledger directness and stated claim boundary: Heterogeneous incidence and recurrence ranges are not individual probabilities,INCLUDE,Adolescent bone-stress review supports symptom referral context; narrative synthesis cannot supply individual probabilities,INCLUDE,AI lanes agree; human-trained confirmation remains required,PENDING_HUMAN,ELIGIBLE_FULL_TEXT
FRV2-G-019,RQ-G,,INCLUDE,Eligible evidence for RQ-G; use remains limited to the ledger directness and stated claim boundary: Case-report dominant; symptoms require human assessment and imaging is not inferred,INCLUDE,Youth systematic review supports periphyseal-stress concern boundary; case-report dominance and abstract-only state limit inference,INCLUDE,AI lanes agree; human-trained confirmation remains required,PENDING_HUMAN,ABSTRACT_LIMITED
FRV2-G-020,RQ-G,,INCLUDE,Eligible evidence for RQ-G; use remains limited to the ledger directness and stated claim boundary: Chronic association observed; acute evidence conflicting and not a readiness rule,INCLUDE,Youth sleep-injury review supports chronic association context only; no acute readiness or causal rule,INCLUDE,AI lanes agree; human-trained confirmation remains required,PENDING_HUMAN,ABSTRACT_LIMITED
FRV2-G-021,RQ-G,,INCLUDE,Eligible evidence for RQ-G; use remains limited to the ledger directness and stated claim boundary: Diagnosis and treatment remain clinical; product collects only explicit pain or limitation,INCLUDE,Clinical review supports human assessment of growing-bone pain; diagnosis and imaging stay outside product scope,INCLUDE,AI lanes agree; human-trained confirmation remains required,PENDING_HUMAN,ELIGIBLE_FULL_TEXT
FRV2-G-022,RQ-G,,INCLUDE,Eligible evidence for RQ-G; use remains limited to the ledger directness and stated claim boundary: Opposing conceptual evidence; supports referral rather than automated model allegiance,INCLUDE,Editorial opposition is retained as conceptual counterevidence; it cannot establish an alternate clinical model,INCLUDE,AI lanes agree; human-trained confirmation remains required,PENDING_HUMAN,ELIGIBLE_FULL_TEXT
SRC-DOI-10.1136-BMJ.H1793,RQ-E,RQ-F,INCLUDE,Eligible evidence for RQ-E; use remains limited to the ledger directness and stated claim boundary: `GUIDANCE_OK`: supports preregistered periods/order/change/attrition reporting; carryover and irreversibility remain design constraints.,INCLUDE,CENT elaboration supports N-of-1 reporting mechanics; clinical guidance cannot validate cumulative training crossover,INCLUDE,AI lanes agree; human-trained confirmation remains required,PENDING_HUMAN,ELIGIBLE_FULL_TEXT
SRC-PMID-10907753,RQ-E,RQ-D,INCLUDE,Eligible evidence for RQ-E; use remains limited to the ledger directness and stated claim boundary: `CORRECT`: supports typical error/within-subject reliability and cautions against treating correlation as agreement. | Typical-error framework; study-level reliability sample guidance is not a universal within-athlete baseline count.,DEFER,Correction metadata conflict must be reconciled before relying on the otherwise relevant reliability framework,DEFER,AI disagreement or RQ mismatch deferred to human-trained adjudication,PENDING_HUMAN,EXCLUDED_IDENTITY_OR_CORRECTION
SRC-PMID-12741870,RQ-C,,INCLUDE,Eligible evidence for RQ-C; use remains limited to the ledger directness and stated claim boundary: `CORRECT`: estimated VO2max maintained but 3000 m slowed more in cross-training group; small off-season sample.,INCLUDE,Small female collegiate off-season trial informs cycling substitution limits; abstract cannot establish modality equivalence,INCLUDE,AI lanes agree; human-trained confirmation remains required,PENDING_HUMAN,ABSTRACT_LIMITED
SRC-PMID-17149987,RQ-C,,INCLUDE,Eligible evidence for RQ-C; use remains limited to the ledger directness and stated claim boundary: `CORRECT`: economy improved only at 18 km/h; no VO2max change; not microcycle evidence.,INCLUDE,Adult runner plyometric trial supports component outcomes only; abstract and missing maturity block scheduling transfer,INCLUDE,AI lanes agree; human-trained confirmation remains required,PENDING_HUMAN,ABSTRACT_LIMITED
SRC-PMID-20386477,RQ-B,RQ-C,INCLUDE,"Eligible evidence for RQ-B; use remains limited to the ledger directness and stated claim boundary: `CORRECT`: jump performance fell up to 72 h while strength did not; outcome-specific, unfamiliar-protocol transfer only. | Indirect; intense plyometric bout; post 24 h 48 h 72 h 96 h 120 h; participant details limited in abstract.",INCLUDE,Acute plyometric study supports outcome-specific 24-120 h kinetics; abstract population detail is limited,INCLUDE,AI lanes agree; human-trained confirmation remains required,PENDING_HUMAN,ABSTRACT_LIMITED
SRC-PMID-23134196,RQ-A,,INCLUDE,Eligible evidence for RQ-A; use remains limited to the ledger directness and stated claim boundary: `CORRECT`: small n=15 study favored BP on some indices; not 9.5-day running evidence.,INCLUDE,Small adult cyclist block trial informs periodization countercontext only; not nonweekly running-frame evidence,INCLUDE,AI lanes agree; human-trained confirmation remains required,PENDING_HUMAN,ABSTRACT_LIMITED
SRC-PMID-23838975,RQ-C,,INCLUDE,"Eligible evidence for RQ-C; use remains limited to the ledger directness and stated claim boundary: `CORRECT`: 2.4 km, sprint and jump outcomes improved; supports component inclusion, not Formation timing. | Six weeks of added plyometrics improved 2.4 km sprint and jump outcomes; shared-day placement was not verified.",INCLUDE,Competitive-runner trial supports added plyometric component outcomes; abstract does not verify shared-day placement,INCLUDE,AI lanes agree; human-trained confirmation remains required,PENDING_HUMAN,ABSTRACT_LIMITED
SRC-PMID-25976398,RQ-E,RQ-F,INCLUDE,Eligible evidence for RQ-E; use remains limited to the ledger directness and stated claim boundary: `GUIDANCE_OK_WITH_CORRECTION`: useful reporting structure; not proof that ABAB/crossover is valid for cumulative training adaptations. | Official PubMed record links an erratum; reporting completeness does not establish design sufficiency safety or sport transfer.,INCLUDE,CENT statement is eligible with linked erratum applied; reporting completeness does not establish design validity,INCLUDE,AI lanes agree; human-trained confirmation remains required,PENDING_HUMAN,EXCLUDED_IDENTITY_OR_CORRECTION
SRC-PMID-26084524,RQ-G,RQ-C;RQ-F,INCLUDE,"Eligible evidence for RQ-G; use remains limited to the ledger directness and stated claim boundary: `CORRECT`: supports nonlinear development, health and sustainable participation boundaries; no Formation efficacy. | Broad healthy inclusive sustainable participation and safeguarding boundary",INCLUDE,IOC youth consensus supports growth health and sustainable-participation boundaries; no Formation efficacy,INCLUDE,AI lanes agree; human-trained confirmation remains required,PENDING_HUMAN,ELIGIBLE_FULL_TEXT
SRC-PMID-27300278,RQ-A,,INCLUDE,Eligible evidence for RQ-A; use remains limited to the ledger directness and stated claim boundary: `CORRECT`: load-matched increasing/decreasing/mixed order showed no between-group adaptation difference.,INCLUDE,Adult cycling trial supplies counterevidence against universal intensity-order effects; not cycle-length evidence,INCLUDE,AI lanes agree; human-trained confirmation remains required,PENDING_HUMAN,ABSTRACT_LIMITED
SRC-PMID-28054257,RQ-E,RQ-D,INCLUDE,"Eligible evidence for RQ-E; use remains limited to the ledger directness and stated claim boundary: `CORRECT`: reliability, validity, responsiveness and feasibility are separate; not a readiness threshold. | Taxonomy covers validity reliability responsiveness interpretability and feasibility; consensus does not validate a specific metric or set a universal n.",INCLUDE,Measurement-property Delphi separates reliability validity responsiveness and feasibility; no metric validation or universal n,INCLUDE,AI lanes agree; human-trained confirmation remains required,PENDING_HUMAN,ELIGIBLE_FULL_TEXT
SRC-PMID-28463642,RQ-D,RQ-E,INCLUDE,Eligible evidence for RQ-D; use remains limited to the ledger directness and stated claim boundary: `CORRECT`: internal/external load separation and multifactorial monitoring are supported; no readiness/safety authority. | Expert framework supports separate internal and external load taxonomy; no youth middle-distance validation or universal total. | Supports valid reliable consistent and contextual longitudinal monitoring; associations do not establish injury causation safety or a universal history.,INCLUDE,Consensus supports separate internal and external load taxonomy; abstract cannot confer readiness or safety authority,INCLUDE,AI lanes agree; human-trained confirmation remains required,PENDING_HUMAN,ABSTRACT_LIMITED
SRC-PMID-29163016,RQ-D,,INCLUDE,Eligible evidence for RQ-D; use remains limited to the ledger directness and stated claim boundary: `CORRECT`: supports named sRPE protocol/limitations; it does not make arbitrary load methods interchangeable or a fatigue score. | Review identified 36 modified-CR10 validation and reliability studies; heterogeneity limits direct youth runner transfer.,INCLUDE,sRPE review supports named protocol and limitations; heterogeneity blocks fatigue-score or interchangeability claims,INCLUDE,AI lanes agree; human-trained confirmation remains required,PENDING_HUMAN,ELIGIBLE_FULL_TEXT
SRC-PMID-29712629,RQ-D,RQ-E,INCLUDE,Eligible evidence for RQ-D; use remains limited to the ledger directness and stated claim boundary: `CORRECT`: device error/validity must precede change interpretation; device-specific transfer required.,INCLUDE,Wearable assessment guidance supports device-specific validity before change interpretation; no athlete-state inference,INCLUDE,AI lanes agree; human-trained confirmation remains required,PENDING_HUMAN,ELIGIBLE_FULL_TEXT
SRC-PMID-30131714,RQ-C,RQ-F;RQ-G,INCLUDE,Eligible evidence for RQ-C; use remains limited to the ledger directness and stated claim boundary: `CORRECT`: concurrent training was not universally harmful; heterogeneity blocks exact Formation sequencing. | Small athletic-performance effect but null cardiorespiratory and economy effects; sequence and separation were not meta-analyzed.,INCLUDE,Youth concurrent-training review supports conditional component compatibility; heterogeneity blocks exact sequencing,INCLUDE,AI lanes agree; human-trained confirmation remains required,PENDING_HUMAN,ELIGIBLE_FULL_TEXT
SRC-PMID-30160557,RQ-D,RQ-F,INCLUDE,Eligible evidence for RQ-D; use remains limited to the ledger directness and stated claim boundary: `CORRECT`: timing materially changed values; protocol/timestamp must remain visible. | Direct timing evidence: 30-minute sRPE was 26.5% lower than immediate sRPE; timing is part of method identity.,INCLUDE,Direct adolescent-runner study supports timestamp as method identity; abstract-only and not a readiness validator,INCLUDE,AI lanes agree; human-trained confirmation remains required,PENDING_HUMAN,ABSTRACT_LIMITED
SRC-PMID-31024338,RQ-A,,INCLUDE,"Eligible evidence for RQ-A; use remains limited to the ledger directness and stated claim boundary: `CORRECT`: successful 7-11-day HIT blocks are descriptive n=1 history, not causal or youth-running evidence.",INCLUDE,Elite adult skiing n-of-1 history supports descriptive block use only; not causal or youth-running evidence,INCLUDE,AI lanes agree; human-trained confirmation remains required,PENDING_HUMAN,ELIGIBLE_FULL_TEXT
SRC-PMID-31802956,RQ-A,,INCLUDE,Eligible evidence for RQ-A; use remains limited to the ledger directness and stated claim boundary: `CORRECT`: small favorable VO2max/Wmax effects with low-quality small studies; no 9/9.5/10-day superiority. | Twenty eligible records and six pooled studies; small low-quality heterogeneous evidence; no 7-day versus nonweekly comparison. owner_target=9_5_DAY_AUTOMATED_PRESCRIPTION; runtime_authority=false,INCLUDE,Endurance block review supplies low-certainty comparative context; no nonweekly-frame or 9.5-day superiority,INCLUDE,AI lanes agree; human-trained confirmation remains required,PENDING_HUMAN,ELIGIBLE_FULL_TEXT
SRC-PMID-31820260,RQ-B,RQ-D,INCLUDE,Eligible evidence for RQ-B; use remains limited to the ledger directness and stated claim boundary: `CORRECT`: external load alone poorly predicts all residual-fatigue outcomes; indirect to running and not a universal 72 h rule. | Indirect review; 11 studies n=165; external load associations mainly at acute and 24 h not 48-72 h.,INCLUDE,Soccer review supports weak external-load prediction of residual outcomes; indirect and no 72-h rule,INCLUDE,AI lanes agree; human-trained confirmation remains required,PENDING_HUMAN,ELIGIBLE_FULL_TEXT
SRC-PMID-32407361,RQ-C,,INCLUDE,"Eligible evidence for RQ-C; use remains limited to the ledger directness and stated claim boundary: `CORRECT`: order affected some power indices, not strength/lean mass/aerobic fitness; no universal ordering rule. | Cycling HIIT and resistance were separated about 3 h; broad adaptation was similar but explosive outcomes varied by order.",INCLUDE,Adult same-day trial supports outcome-specific order effects with 3-h separation; no universal or youth rule,INCLUDE,AI lanes agree; human-trained confirmation remains required,PENDING_HUMAN,ELIGIBLE_FULL_TEXT
SRC-PMID-32502973,RQ-D,,INCLUDE,Eligible evidence for RQ-D; use remains limited to the ledger directness and stated claim boundary: `CORRECT`: supports prohibition on causal injury-prevention/readiness use of ACWR. | Identifies ratio artifacts ambiguity and causal overinterpretation; supports descriptive method labeling and prohibits risk or action zones.,INCLUDE,ACWR methods critique supports prohibiting causal injury and readiness use; abstract-only and nonprescriptive,INCLUDE,AI lanes agree; human-trained confirmation remains required,PENDING_HUMAN,ABSTRACT_LIMITED
SRC-PMID-32991706,RQ-D,,INCLUDE,Eligible evidence for RQ-D; use remains limited to the ledger directness and stated claim boundary: `CORRECT`: inconsistent load relationships and weak measurement-property evidence prohibit a single fatigue score.,INCLUDE,Team-sport wellbeing review supports weak and inconsistent single-item evidence; no unified fatigue score,INCLUDE,AI lanes agree; human-trained confirmation remains required,PENDING_HUMAN,ELIGIBLE_FULL_TEXT
SRC-PMID-33122252,RQ-G,RQ-F,INCLUDE,"Eligible evidence for RQ-G; use remains limited to the ledger directness and stated claim boundary: `CORRECT`: explicitly notes evidence gaps and opinion-based distance guidance; supports protection, not causal thresholds. | Core direct youth-runner boundary; no validated age-distance or clearance rule",INCLUDE,Direct youth-running consensus supports evidence-gap and protection boundaries; opinion guidance is not clearance,INCLUDE,AI lanes agree; human-trained confirmation remains required,PENDING_HUMAN,ELIGIBLE_FULL_TEXT
SRC-PMID-33751469,RQ-C,,INCLUDE,Eligible evidence for RQ-C; use remains limited to the ledger directness and stated claim boundary: `CORRECT`: same-session interference for some lower-body strength contexts is conditional on training status and design. | Trained adults showed lower strength development in same-session concurrent studies; study-defined under-20-min and over-2-h bins are not validated thresholds.,INCLUDE,Adult concurrent-training review supports conditional same-session strength interference; bins are not youth thresholds,INCLUDE,AI lanes agree; human-trained confirmation remains required,PENDING_HUMAN,ELIGIBLE_FULL_TEXT
SRC-PMID-34021488,RQ-A,RQ-F;RQ-G,INCLUDE,Eligible evidence for RQ-A; use remains limited to the ledger directness and stated claim boundary: `CORRECT`: supports separating 800 and 1500 demands; not direct evidence for adolescent 9.5-day safety/efficacy.,INCLUDE,Elite 800 and 1500 review supports event-demand separation; not adolescent 9.5-day efficacy or safety evidence,INCLUDE,AI lanes agree; human-trained confirmation remains required,PENDING_HUMAN,ELIGIBLE_FULL_TEXT
SRC-PMID-34052983,RQ-D,RQ-G,INCLUDE,Eligible evidence for RQ-D; use remains limited to the ledger directness and stated claim boundary: `CORRECT`: an observational association study cannot validate a universal safe zone or causal threshold. | Higher ACWR associated inversely with injury and EWMA results were sparse; association is not a causal or product risk rule.,INCLUDE,Adult runner ACWR association is retained as counterevidence; abstract cannot validate causal safe zones,INCLUDE,AI lanes agree; human-trained confirmation remains required,PENDING_HUMAN,ABSTRACT_LIMITED
SRC-PMID-34062089,RQ-A,RQ-C,INCLUDE,Eligible evidence for RQ-A; use remains limited to the ledger directness and stated claim boundary: `CORRECT`: supports lower volume plus retained/increased intensity in this tiny crossover; not a 9.5-day taper rule.,INCLUDE,Tiny 1500-m taper crossover informs taper components only; abstract cannot set a 9.5-day taper rule,INCLUDE,AI lanes agree; human-trained confirmation remains required,PENDING_HUMAN,ABSTRACT_LIMITED
SRC-PMID-34250468,RQ-F,RQ-G,INCLUDE,Eligible evidence for RQ-F; use remains limited to the ledger directness and stated claim boundary: `CORRECT`: injury frequency/practice description only; cannot generate safe-load or causal injury thresholds.,INCLUDE,Direct adolescent-runner observational evidence supports practice and injury context only; no causal thresholds,INCLUDE,AI disagreement or RQ mismatch deferred to human-trained adjudication,PENDING_HUMAN,ELIGIBLE_FULL_TEXT
SRC-PMID-34296839,RQ-B,RQ-C,INCLUDE,Eligible evidence for RQ-B; use remains limited to the ledger directness and stated claim boundary: `CORRECT`: selected jumps/sprint remained impaired at 48 h; small other-sport sample and unfamiliarity matter. | Indirect; n=9; combined session; performance soreness and CK at 24 h and 48 h.,INCLUDE,Small adult team-sport study supports selected 24-48 h residuals; abstract and modality limit transfer,INCLUDE,AI lanes agree; human-trained confirmation remains required,PENDING_HUMAN,ABSTRACT_LIMITED
SRC-PMID-34749417,RQ-A,,INCLUDE,Eligible evidence for RQ-A; use remains limited to the ledger directness and stated claim boundary: `CORRECT`: classification method changes apparent TID; no exact session-spacing conclusion. | Twenty articles; materially heterogeneous intensity-distribution classifications; no microcycle-length comparison. owner_target=9_5_DAY_AUTOMATED_PRESCRIPTION; runtime_authority=false,INCLUDE,Runner intensity-distribution review supports classification sensitivity; no microcycle-length comparison,INCLUDE,AI lanes agree; human-trained confirmation remains required,PENDING_HUMAN,ABSTRACT_LIMITED
SRC-PMID-34767655,RQ-C,,INCLUDE,Eligible evidence for RQ-C; use remains limited to the ledger directness and stated claim boundary: `CORRECT`: 2 km performance improved; biomechanics mostly unchanged; not youth or same-day ordering evidence. | Concurrent training improved 2 km time and time to exhaustion; strength dose sequence and separation were unavailable in the abstract.,INCLUDE,Adult runner concurrent trial supports performance outcomes only; abstract lacks dose order and separation,INCLUDE,AI lanes agree; human-trained confirmation remains required,PENDING_HUMAN,ABSTRACT_LIMITED
SRC-PMID-35299664,RQ-A,,INCLUDE,Eligible evidence for RQ-A; use remains limited to the ledger directness and stated claim boundary: `CORRECT`: both improved and no time-trial/performance difference; counters universal BP superiority.,INCLUDE,Adult cycling trial counters universal block-periodization superiority; no nonweekly running-frame evidence,INCLUDE,AI lanes agree; human-trained confirmation remains required,PENDING_HUMAN,ELIGIBLE_FULL_TEXT
SRC-PMID-35418513,RQ-A,,INCLUDE,Eligible evidence for RQ-A; use remains limited to the ledger directness and stated claim boundary: `CORRECT`: describes elite practice and hard/easy structures; does not compare adolescent 7 vs 9.5 vs 10 days. | Ten included articles; hard-day/easy-day periodization is indirect only; no direct cycle-length comparison. owner_target=9_5_DAY_AUTOMATED_PRESCRIPTION; runtime_authority=false,INCLUDE,Elite runner review supports descriptive hard-easy practice only; abstract has no cycle-length comparison,INCLUDE,AI lanes agree; human-trained confirmation remains required,PENDING_HUMAN,ABSTRACT_LIMITED
SRC-PMID-35721873,RQ-B,,INCLUDE,Eligible evidence for RQ-B; use remains limited to the ledger directness and stated claim boundary: `CORRECT`: most selected measures were near baseline at 24 h but some changes remained; never a complete-recovery guarantee. | Runner direct but adult masters; six 800-m intervals; gait force and neuromuscular outcomes at post and 24 h.,INCLUDE,Adult masters runner study supports marker-specific 24-h residuals; no complete-recovery guarantee,INCLUDE,AI lanes agree; human-trained confirmation remains required,PENDING_HUMAN,ELIGIBLE_FULL_TEXT
SRC-PMID-36086887,RQ-B,,EXCLUDE,Wrong source identity: this PMID is a front-crawl biomechanics study and is irrelevant to running recovery; the intended PMID is a different record.,EXCLUDE,Identifier resolves to an irrelevant swimming study and the intended running source is not this record,EXCLUDE,AI lanes agree; human-trained confirmation remains required,PENDING_HUMAN,ABSTRACT_LIMITED
SRC-PMID-36370207,RQ-C,,INCLUDE,Eligible evidence for RQ-C; use remains limited to the ledger directness and stated claim boundary: `CORRECT`: compares component methods; no Formation interval evidence.,INCLUDE,Adult runner strength meta-analysis compares component methods; no Formation interval or placement evidence,INCLUDE,AI lanes agree; human-trained confirmation remains required,PENDING_HUMAN,ELIGIBLE_FULL_TEXT
SRC-PMID-37285051,RQ-B,,INCLUDE,Eligible evidence for RQ-B; use remains limited to the ledger directness and stated claim boundary: `QUALIFY`: selected measured functions recovered by 24 h; title/result cannot be generalized to whole-person recovery. | Indirect cycling; title wording retained only as bibliographic identity; selected 24 h and 48 h markers cannot establish complete recovery.,INCLUDE,Adult cycling SIT study supports selected marker kinetics only; title cannot establish whole-person recovery,INCLUDE,AI lanes agree; human-trained confirmation remains required,PENDING_HUMAN,ABSTRACT_LIMITED
SRC-PMID-37435592,RQ-C,RQ-F;RQ-G,INCLUDE,Eligible evidence for RQ-C; use remains limited to the ledger directness and stated claim boundary: `QUALIFY`: HIIT group improved 800 m/selected markers more; small male sample and biomarker changes do not establish recovery or safety.,INCLUDE,Small adolescent male 800-m trial supports component outcomes; no recovery safety or architecture inference,INCLUDE,AI lanes agree; human-trained confirmation remains required,PENDING_HUMAN,ELIGIBLE_FULL_TEXT
SRC-PMID-37752011,RQ-G,,INCLUDE,Eligible evidence for RQ-G; use remains limited to the ledger directness and stated claim boundary: `CORRECT_WITH_CORRECTION`: supports separate clinical expert boundary for energy availability/health; product must not diagnose REDs. | Correction-aware extraction; CAT2 is clinician-facing and must not be automated,INCLUDE,Corrected IOC REDs consensus supports clinician-only energy-health boundary; CAT2 must not be automated,INCLUDE,AI lanes agree; human-trained confirmation remains required,PENDING_HUMAN,EXCLUDED_IDENTITY_OR_CORRECTION
SRC-PMID-37776346,RQ-B,,INCLUDE,Eligible evidence for RQ-B; use remains limited to the ledger directness and stated claim boundary: `CORRECT_BUT_BAD_LINK`: 20% body-mass resisted sprints impaired selected sprint/EIMD measures through 72 h; not a universal interval or runner-youth rule. | Sprint-trained adult indirect; unresisted versus 10% and 20% body-mass resisted sprints; 24 h 48 h 72 h.,INCLUDE,Adult sprint study supports load-specific 24-72 h outcomes; bad link noted and no youth-runner threshold,INCLUDE,AI lanes agree; human-trained confirmation remains required,PENDING_HUMAN,ELIGIBLE_FULL_TEXT
SRC-PMID-38627351,RQ-C,,INCLUDE,Eligible evidence for RQ-C; use remains limited to the ledger directness and stated claim boundary: `CORRECT`: high-load/combined methods improved performance with very-low-to-moderate certainty; no Formation placement rule. | High-load and combined strength methods improved running performance but endurance-strength order and separation were not meta-analyzed.,INCLUDE,Runner strength meta-analysis supports selected component outcomes; certainty and missing placement block calendar rules,INCLUDE,AI lanes agree; human-trained confirmation remains required,PENDING_HUMAN,ELIGIBLE_FULL_TEXT
SRC-PMID-38662890,RQ-E,,INCLUDE,Eligible evidence for RQ-E; use remains limited to the ledger directness and stated claim boundary: `CORRECT`: distinguishes CV/SEM/SWC and individual change; supplies no universal minimum n. | Compares model statistic SWC CV and SEM in a narrow example; five sessions biweekly cadence and CV preference are not universal defaults.,INCLUDE,Practitioner methods paper distinguishes error and change statistics; abstract supplies no universal minimum n,INCLUDE,AI lanes agree; human-trained confirmation remains required,PENDING_HUMAN,ABSTRACT_LIMITED
SRC-PMID-39197945,RQ-G,RQ-F,INCLUDE,Eligible evidence for RQ-G; use remains limited to the ledger directness and stated claim boundary: `CORRECT`: supports athlete-centred safeguards and asynchronous development; no automatic prescription authority. | Recent competition is context only and never recovery or readiness evidence,INCLUDE,IOC elite-youth consensus supports athlete-centred maturation safeguards; no automated prescription authority,INCLUDE,AI lanes agree; human-trained confirmation remains required,PENDING_HUMAN,ELIGIBLE_FULL_TEXT
SRC-PMID-39888556,RQ-A,,INCLUDE,Eligible evidence for RQ-A; use remains limited to the ledger directness and stated claim boundary: `CORRECT`: comparative average TID effects do not select a 9.5-day calendar or recovery interval. | No statistically significant polarized-versus-pyramidal difference in the abstract; not a cycle-length comparison. owner_target=9_5_DAY_AUTOMATED_PRESCRIPTION; runtime_authority=false,INCLUDE,Endurance network meta-analysis informs average intensity-distribution comparisons; not a 9.5-day frame test,INCLUDE,AI lanes agree; human-trained confirmation remains required,PENDING_HUMAN,ABSTRACT_LIMITED
SRC-PMID-40016936,RQ-C,,INCLUDE,"Eligible evidence for RQ-C; use remains limited to the ledger directness and stated claim boundary: `CORRECT`: supports selected fatigued-state/economy outcomes, not a validated “neural fatigue” measure.",INCLUDE,Adult male runner trial supports selected strength and fatigued-state outcomes; abstract does not measure neural fatigue,INCLUDE,AI lanes agree; human-trained confirmation remains required,PENDING_HUMAN,ABSTRACT_LIMITED
SRC-PMID-40566441,RQ-E,RQ-F,INCLUDE,Eligible evidence for RQ-E; use remains limited to the ledger directness and stated claim boundary: `CORRECT`: demonstrates a sport SCED application and its generalization limits; not evidence for Formation efficacy. | Nonconcurrent multiple-baseline sport application shows individual paths; its phase durations are application details not universal n freshness efficacy or safety evidence.,INCLUDE,Sport multiple-baseline application supports individual-path methodology; phase details are not universal rules,INCLUDE,AI lanes agree; human-trained confirmation remains required,PENDING_HUMAN,ELIGIBLE_FULL_TEXT
SRC-PMID-40596578,RQ-C,,INCLUDE,Eligible evidence for RQ-C; use remains limited to the ledger directness and stated claim boundary: `QUALIFY`: supports uphill-training performance adaptations in its sample; does not isolate neural-fatigue resistance or a Formation slot.,INCLUDE,Middle-distance uphill trial supports component adaptation in its sample; no neural-fatigue or Formation-slot inference,INCLUDE,AI lanes agree; human-trained confirmation remains required,PENDING_HUMAN,ELIGIBLE_FULL_TEXT
SRC-PMID-41048235,RQ-B,RQ-F;RQ-G,INCLUDE,"Eligible evidence for RQ-B; use remains limited to the ledger directness and stated claim boundary: `CORRECT`: IMTP peak force remained lower at 72 h, including a control-condition training effect; indirect to middle-distance running. | Youth/young-adult indirect; IMTP force at 48 h and 72 h; intervening MD+2 load prevents match-only inference.",INCLUDE,Youth soccer evidence supports residual force context; intervening load blocks match-only and running inference,INCLUDE,AI lanes agree; human-trained confirmation remains required,PENDING_HUMAN,ELIGIBLE_FULL_TEXT
SRC-PMID-41312139,RQ-C,RQ-F;RQ-G,INCLUDE,"Eligible evidence for RQ-C; use remains limited to the ledger directness and stated claim boundary: `CORRECT`: running economy/power outcomes favored complex training; male-only, no safety or 9.5-day inference. | Heavy resistance preceded matched plyometrics with 3-4 min recovery; endurance placement was not reported; no universal sequence inference.",INCLUDE,Direct adolescent-runner trial supports one complex-training arrangement; male-only and scheduling details limit transfer,INCLUDE,AI lanes agree; human-trained confirmation remains required,PENDING_HUMAN,ELIGIBLE_FULL_TEXT
SRC-PMID-7649149,RQ-C,,INCLUDE,Eligible evidence for RQ-C; use remains limited to the ledger directness and stated claim boundary: `CORRECT`: aerobic transfer exists but mode-specific adaptation is greater; no recovery-equivalence claim.,INCLUDE,Adult cross-training trial supports partial aerobic transfer and mode specificity; abstract gives no recovery equivalence,INCLUDE,AI lanes agree; human-trained confirmation remains required,PENDING_HUMAN,ABSTRACT_LIMITED
SRC-WEB-COCHRANE-HB-CH14,RQ-E,RQ-A;RQ-B;RQ-C;RQ-D;RQ-F;RQ-G,INCLUDE,Eligible evidence for RQ-E; use remains limited to the ledger directness and stated claim boundary: `GUIDANCE_OK`: GRADE domains are appropriate scaffolding; population/intervention directness for adolescent middle-distance runners must be added explicitly.,INCLUDE,GRADE guidance supports transparent certainty appraisal across RQs; athlete directness must be added separately,INCLUDE,AI lanes agree; human-trained confirmation remains required,PENDING_HUMAN,ELIGIBLE_FULL_TEXT
SRC-WEB-HHS-HIPAA-DEID,RQ-D,RQ-G,INCLUDE,Eligible evidence for RQ-D; use remains limited to the ledger directness and stated claim boundary: `GUIDANCE_OK`: supports Expert Determination/Safe Harbor and residual re-identification risk; it is not a universal global privacy rule.,INCLUDE,US de-identification guidance supports residual privacy-risk safeguards; it is not a global rule,INCLUDE,AI disagreement or RQ mismatch deferred to human-trained adjudication,PENDING_HUMAN,ELIGIBLE_FULL_TEXT
SRC-WEB-PRISMA-2020,RQ-F,,INCLUDE,Eligible evidence for RQ-F; use remains limited to the ledger directness and stated claim boundary: `GUIDANCE_OK`: appropriate for transparent search/exclusion reporting; does not itself appraise sports evidence.,INCLUDE,PRISMA supports transparent search and exclusion reporting; it does not appraise sports evidence,INCLUDE,AI lanes agree; human-trained confirmation remains required,PENDING_HUMAN,ELIGIBLE_FULL_TEXT
